reference;bucuresti;iasi
BD0001;10000;
A0968;0;
A0969;0;
A0970;0;
A0971;0;
A10;3;
A100;0;1
A1000;4;
A1001;7;
A1002;6;
A1003;122;1
A1004;47;
A1005;27;
A1006;0;
A1007;0;
A1008;0;
A1009;0;
A1010;0;
A1011;3;
A1012;0;
A1013;54;
A1014;0;
A1015;0;
A1016;1;
A1017;0;
A1018;0;
A1019;0;
A102;50;
A1020;0;
A1021;0;
A1022;1;1
A1023;13;
A1024;20;
A1025;0;1
A1026;11;
A1027;14;
A1028;14;
A1029;18;
A103;31;
A1030;18;
A1031;0;
A1032;7;
A1033;0;
A1034;0;
A1035;0;
A1036;0;
A1037;1;
A1038;1;
A1039;1;
A104;9;
A1040;0;
A1041;0;
A1042;2;
A1043;1;
A1044;2;
A1045;4;
A1046;2;
A1047;4;
A1048;5;
A1049;9;
A105;50;1
A1050;5;
A1051;5;
A1052;5;
A1053;5;
A1054;5;
A1055;5;
A1056;5;
A1057;5;
A1058;9;
A1059;3;
A106;6;
A1060;5;
A1061;4;
A1062;10;
A1063;8;
A1064;5;
A1065;5;
A1066;5;
A1068;4;
A107;55;
A1071;4;
A1072;4;
A1074;3;
A1075;0;
A1076;2;1
A1077;1;
A1078;5;
A1079;3;
A108;51;
A1080;6;
A1081;5;
A1083;4;
A1084;5;
A1085;3;
A1086;5;
A1087;5;
A1088;2;
A1089;2;
A109;34;1
A1090;5;
A1091;3;
A1092;4;
A1093;4;
A1094;5;
A1095;2;
A1096;5;
A1097;3;
A1098;3;
A1099;3;
A11;17;
A110;44;2
A1100;5;
A1101;3;
A1102;3;
A1103;1;
A1104;6;
A1105;4;
A1106;1;
A1107;4;
A1108;3;
A1109;1;
A111;9;1
A1110;5;
A1111;3;
A1112;3;
A1113;29;
A1114;33;
A1115;33;
A1116;32;
A1117;32;
A1118;30;
A1119;273;
A112;25;1
A1120;1;
A1121;0;
A1122;3;
A1123;6;1
A1124;0;
A1125;4;
A1126;4;
A1127;4;1
A1128;7;1
A1129;12;2
A113;2;1
A1130;5;
A1131;16;2
A1132;9;
A1133;0;
A1134;2;
A1135;28;
A1136;168;2
A1137;157;2
A1138;5;
A1139;11;
A114;4;1
A1140;11;
A1141;15;
A1142;0;
A1143;0;
A1144;77;
A1145;34;2
A1146;0;2
A1147;0;
A1148;20;
A1149;16;
A115;6;2
A1150;7;
A1151;28;
A1152;0;
A1153;13;
A1154;5;
A1155;13;
A1156;9;1
A1157;9;
A1158;9;
A1159;1;
A116;70;2
A1160;1;
A1161;16;1
A1162;38;1
A1163;2;
A1164;1;
A1165;9;
A1166;37;
A1167;10;
A1168;7;1
A1169;7;
A117;1;
A1170;0;
A1171;42;
A1172;42;1
A1173;39;
A1174;36;
A1175;5;
A1176;156;
A1177;0;
A1178;0;
A1179;0;
A118;26;
A1180;0;
A1181;0;
A1182;1;
A1183;0;
A1184;0;
A1185;0;
A1186;0;
A1187;0;
A1188;0;
A1189;0;
A119;1690;
A1190;0;
A1191;0;
A1192;0;
A1193;275;5
A1194;9;
A1195;9;
A1196;9;
A1197;10;
A1198;10;
A1199;8;
A12;10;
A120;4;
A1200;9;
A1201;10;
A1202;10;
A1203;2;
A1204;2;
A1205;2;
A1206;22;
A1207;0;
A1208;12;
A1209;0;
A121;1662;1
A1210;1;
A1211;4;
A1212;35;
A1213;0;
A1214;0;
A1215;1;
A1216;3;
A1217;0;
A1218;0;
A1219;0;
A122;420;3
A1220;14;
A1221;7;
A1222;16;
A1223;13;
A1224;16;
A1225;13;
A1226;0;
A1227;1;
A1228;0;
A1229;0;
A123;205;
A1230;0;
A1231;0;
A1232;3;
A1233;0;
A1234;6;
A1235;28;
A1236;0;
A1237;5;
A1238;8;
A1239;5;
A124;685;5
A1240;10;
A1241;9;
A1242;10;
A1243;7;
A1244;6;
A1245;7;
A1246;9;
A1247;10;
A1248;5;
A1249;7;
A125;421;1
A1250;0;
A1251;0;
A1252;0;
A1253;0;
A1254;87;
A1255;0;
A1256;0;
A1257;4;
A1258;6;
A1259;0;
A126;10;
A1260;5;2
A1261;17;
A1262;8;2
A1263;7;
A1264;2;
A1265;0;
A1266;2;
A1267;15;1
A1268;35;2
A1269;10;
A127;0;
A1270;0;
A1271;0;
A1272;16;1
A1273;21;1
A1274;29;1
A1275;1;
A1276;0;
A1277;9;1
A1278;18;1
A1279;20;2
A128;121;
A1280;1;
A1281;2;
A1282;0;1
A1283;0;1
A1284;16;
A1285;17;
A1286;14;
A1287;9;
A1288;24;
A1289;31;
A129;6;
A1290;49;
A1291;29;
A1292;12;
A1293;26;
A1294;34;
A1295;26;
A1296;25;
A1297;10;
A1298;23;1
A1299;33;
A13;15;
A130;4;
A1300;30;
A1301;30;
A1302;2;
A1303;6;
A1304;8;
A1305;7;
A1306;13;
A1307;13;
A1308;1;
A1309;0;
A131;171;
A1310;0;
A1311;0;1
A1312;10;
A1313;0;1
A1314;0;1
A1315;10;
A1316;21;1
A1317;12;
A1318;16;
A1319;2;1
A132;139;1
A1320;6;1
A1321;0;
A1322;7;
A1323;13;
A1324;14;
A1325;3;
A1326;16;
A1327;23;
A1328;0;
A1329;13;
A133;30;
A1330;5;
A1331;0;
A1332;1;
A1333;38;2
A1334;0;
A1335;0;
A1336;0;
A1337;1;
A1338;0;
A1339;0;
A134;29;1
A1340;0;
A1341;0;
A1342;0;
A1343;1;
A1344;0;
A1345;0;
A1346;0;
A1347;0;
A1348;0;
A1349;0;
A135;17;
A1350;0;
A1351;0;
A1352;0;
A1353;0;
A1354;0;
A1355;0;
A1356;0;
A1357;0;
A1358;0;
A1359;0;
A1360;0;
A1361;0;
A1362;0;
A1363;0;
A1364;0;
A1365;0;
A1366;0;
A1367;0;
A1368;0;
A1369;0;
A137;42;1
A1370;4;
A1371;12;
A1372;23;
A1373;15;
A1374;2;
A1375;0;
A1376;0;
A1377;0;
A1378;0;
A1379;0;
A138;32;
A1380;0;
A1381;0;
A1382;0;
A1383;0;
A1384;0;
A1385;0;
A1386;0;
A1387;12;
A1388;15;1
A1389;14;
A139;1;1
A1390;4;2
A1391;0;
A1392;17;
A1393;14;
A1394;0;
A1395;0;
A1396;5;
A1397;18;
A1398;14;
A1399;0;
A14;10;
A140;23;
A1400;0;
A1401;15;1
A1402;0;1
A1403;7;
A1404;22;2
A1405;3;
A1406;0;
A1407;0;
A1408;0;
A1409;44;
A141;40;
A1410;21;
A1411;16;1
A1412;1;
A1413;0;
A1414;26;
A1415;18;
A1416;11;
A1417;25;
A1418;0;
A1419;0;
A142;22;
A1420;29;
A1421;11;
A1422;11;2
A1423;6;
A1424;5;
A1425;10;
A1426;19;
A1427;15;
A1428;10;
A1429;10;
A143;19;
A1430;0;
A1431;0;
A1432;0;
A1433;0;
A1434;4;
A1435;0;
A1436;0;
A1437;18;
A1438;13;
A1439;7;1
A144;26;
A1440;0;
A1441;0;
A1442;8;
A1443;7;
A1444;2;
A1445;4;1
A1446;9;
A1447;0;
A1448;9;1
A1449;1;
A145;33;
A1450;10;
A1451;12;
A1452;18;
A1453;0;
A1454;20;
A1455;17;
A1456;17;1
A1457;15;
A1458;21;
A1459;29;
A146;24;
A1460;11;3
A1461;1;4
A1462;13;3
A1463;7;
A1464;7;
A1465;24;
A1466;19;2
A1467;24;1
A1468;8;
A1469;0;
A147;587;1
A1470;0;
A1471;3;1
A1472;0;
A1473;0;
A1474;40;
A1475;69;
A1476;72;
A1477;75;1
A1478;131;
A1479;150;
A1480;147;2
A1481;64;1
A1482;50;1
A1483;106;
A1484;70;
A1485;68;
A1486;109;2
A1487;95;1
A1488;22;2
A1489;27;2
A1490;47;
A1491;48;
A1492;41;
A1493;52;
A1494;144;
A1495;74;
A1496;41;
A1497;38;
A1498;21;
A1499;23;
A15;0;
A150;40;1
A1500;28;
A1501;45;
A1502;42;
A1503;22;
A1504;46;
A1505;16;
A1506;0;4
A1507;20;
A1508;20;1
A1509;16;
A151;10;
A1510;17;
A1511;0;2
A1512;23;2
A1513;61;1
A1514;19;2
A1515;0;
A1516;0;
A1517;0;
A1518;0;
A1519;0;
A1520;1;
A1521;4;1
A1522;69;1
A1523;293;1
A1524;320;1
A1525;18;
A1526;33;1
A1527;63;1
A1528;22;
A1529;61;
A1530;168;
A1531;187;
A1532;42;
A1533;41;
A1534;127;1
A1535;165;1
A1536;211;2
A1537;50;
A1538;64;1
A1539;78;1
A154;250;1
A1540;157;
A1541;234;3
A1542;83;1
A1543;75;1
A1544;92;
A1545;73;1
A1546;131;1
A1547;114;1
A1548;217;
A1549;128;1
A1550;130;1
A1551;96;2
A1552;69;
A1553;87;1
A1554;167;2
A1555;173;1
A1556;119;
A1557;116;
A1558;1;
A1559;0;
A156;0;
A1560;112;
A1561;0;
A1562;0;1
A1563;47;
A1564;48;
A1565;48;
A1566;49;
A1567;49;
A1568;32;
A1569;31;
A157;34;
A1570;55;
A1571;45;
A1572;57;
A1573;49;
A1574;55;
A1575;62;
A1576;60;
A1577;67;
A1578;57;
A1579;39;1
A158;0;
A1580;47;
A1581;52;
A1582;95;1
A1583;54;1
A1584;55;
A1585;145;1
A1586;116;
A1587;111;
A1588;124;
A1589;45;
A159;570;2
A1590;7;
A1591;0;
A1592;4;1
A1593;0;
A1594;23;2
A1595;47;
A1596;46;
A1597;45;
A1598;43;1
A1599;0;
A16;0;
A160;22;
A1600;0;
A1601;0;
A1602;22;
A1603;12;1
A1604;7;
A1605;19;
A1606;19;
A1607;22;
A1608;11;
A1609;11;
A161;0;
A1610;12;
A1611;23;
A1612;21;
A1613;21;
A1614;13;
A1615;11;
A1616;10;
A1617;21;
A1618;20;
A1619;24;
A162;9;
A1620;14;
A1621;11;
A1622;12;
A1623;26;
A1624;23;
A1625;25;
A1626;15;
A1627;1786;3
A1628;3041;4
A1629;1839;3
A163;9;2
A1630;3281;1
A1631;2668;4
A1632;1891;3
A1633;1867;4
A1634;3480;6
A1635;1881;17
A1636;3464;13
A1637;3070;4
A1638;96;
A1639;112;
A164;14;3
A1640;125;
A1641;107;
A1642;93;
A1643;102;
A1644;105;
A1645;108;
A1646;108;
A1647;90;
A1648;72;
A1649;99;
A165;119;4
A1650;98;
A1651;104;
A1652;89;
A1653;94;
A1654;87;
A1655;106;3
A1656;106;2
A1657;6;
A1658;12;
A1659;4;
A1660;0;
A1661;0;
A1662;2;
A1663;4;
A1664;5;
A1665;0;
A1666;0;
A1667;7;
A1668;0;
A1669;1;
A167;74;1
A1670;0;
A1671;0;
A1672;0;
A1673;0;
A1674;2;1
A1675;0;
A1676;47;5
A1677;153;3
A1678;152;2
A1679;130;
A1680;0;
A1681;0;
A1682;0;
A1683;0;
A1684;0;
A1685;0;
A1686;0;
A1687;0;
A1688;0;
A1689;138;3
A169;244;2
A1690;200;
A1691;248;
A1692;225;
A1693;204;
A1694;73;3
A1695;77;
A1696;40;
A1697;14;
A1698;79;
A1699;55;3
A17;0;
A1700;55;
A1701;33;
A1702;10;
A1703;94;3
A1704;50;
A1705;76;
A1706;50;
A1707;50;
A1708;36;1
A1709;28;1
A171;37;2
A1710;21;1
A1711;37;1
A1712;20;
A1713;20;2
A1714;23;2
A1715;24;3
A1716;20;
A1717;20;1
A1718;20;
A1719;20;1
A1720;20;
A1721;20;
A1722;24;
A1723;21;1
A1724;20;
A1725;0;
A1726;23;
A1727;0;
A1728;1;
A1729;0;
A173;95;3
A1730;0;
A1731;0;
A1732;0;
A1733;0;
A1734;0;
A1735;0;
A1736;10;
A1737;9;1
A1738;36;
A1739;33;
A174;75;4
A1740;81;1
A1741;46;
A1742;5;1
A1743;7;
A1744;4;
A1745;0;
A1746;16;
A1747;1;
A1748;13;
A1749;0;
A175;2;
A1750;0;
A1751;1;
A1752;0;
A1753;0;
A1754;3;
A1755;0;
A1756;0;1
A1757;21;
A1758;8;
A1759;0;
A176;6;
A1760;1;1
A1761;0;
A1762;0;
A1763;0;1
A1764;0;
A1765;0;
A1766;0;1
A1767;1;1
A1768;0;
A1769;2;
A177;17;
A1770;187;1
A1771;181;4
A1772;205;1
A1773;231;3
A1774;0;
A1775;0;
A1776;0;
A1777;32;
A1778;95;
A1779;171;
A178;32;2
A1780;260;
A1781;359;1
A1782;7;1
A1783;2;
A1784;54;
A1785;155;2
A1786;99;
A1787;46;1
A1788;70;
A1789;886;3
A179;50;
A1790;1034;1
A1791;39;
A1792;234;4
A1793;174;
A1794;178;1
A1795;366;4
A1796;538;2
A1797;0;
A1798;393;2
A1799;189;
A18;8;
A180;61;1
A1800;93;5
A1801;31;2
A1802;330;4
A1803;0;
A1804;99;
A1805;90;1
A1806;74;1
A1807;134;3
A1808;105;
A1809;86;1
A181;39;2
A1810;41;2
A1811;50;2
A1812;122;
A1813;72;1
A1814;67;1
A1815;0;
A1816;0;
A1817;6;
A1818;13;
A1819;2;
A1820;0;
A1821;6;
A1822;0;
A1823;10;
A1824;5;
A1825;1;
A1826;14;
A1827;5;
A1828;0;
A1829;0;
A183;15;
A1830;0;
A1831;19;
A1832;9;
A1833;29;
A1834;26;
A1835;27;2
A1836;30;
A1837;2;1
A1838;24;2
A1839;0;
A1840;23;
A1841;45;1
A1842;14;2
A1843;14;1
A1844;14;1
A1845;17;1
A1846;9;
A1847;15;
A1848;5;1
A1849;13;
A185;27;
A1850;10;1
A1851;73;1
A1852;108;
A1853;141;
A1854;148;
A1855;150;
A1856;59;
A1857;7;1
A1858;1;
A1859;3;
A1860;18;1
A1861;8;1
A1862;10;1
A1863;17;2
A1864;69;
A1865;47;1
A1866;88;2
A1867;19;1
A1868;63;3
A1869;38;5
A187;24;
A1870;63;2
A1871;96;1
A1872;137;1
A1873;167;1
A1874;16;3
A1875;44;1
A1876;144;3
A1877;30;2
A1878;160;1
A1879;43;3
A1880;42;1
A1881;23;
A1882;22;1
A1883;22;
A1884;25;
A1885;32;2
A1886;28;2
A1887;0;
A1888;30;
A1889;0;
A189;18;
A1890;14;
A1891;0;
A1892;0;
A1893;277;5
A1894;117;
A1895;158;6
A1896;173;5
A1897;159;4
A1898;198;
A1899;5;1
A19;100;
A190;7;
A1900;5;
A1901;12;
A1902;19;
A1903;3;
A1904;2;
A1905;9;
A1906;2;
A1907;20;
A1908;0;
A1909;85;2
A191;45;2
A1910;107;3
A1911;26;
A1912;30;
A1913;0;
A1914;0;1
A1915;10;1
A1916;16;
A1917;94;3
A1918;88;
A1919;145;1
A192;0;2
A1920;136;1
A1921;119;4
A1922;136;2
A1923;144;
A1924;174;1
A1925;135;
A1926;0;1
A1927;0;3
A1928;49;1
A1929;62;1
A193;9;3
A1930;20;2
A1931;0;
A1932;0;
A1933;21;1
A1934;50;1
A1935;7;
A1936;14;
A1937;46;
A1938;23;1
A1939;16;
A194;21;1
A1940;169;3
A1941;199;1
A1942;23;
A1943;84;1
A1944;162;2
A1945;112;3
A1946;0;
A1947;0;2
A1948;62;1
A1949;204;5
A195;34;1
A1950;0;2
A1951;114;4
A1952;2;
A1953;27;
A1954;0;1
A1955;2;
A1956;30;1
A1957;67;
A1958;48;
A1959;87;
A196;47;
A1960;89;2
A1961;90;
A1962;47;1
A1963;254;5
A1964;137;5
A1965;86;17
A1966;182;
A1967;128;
A1968;138;
A1969;148;
A197;26;2
A1970;108;
A1971;150;1
A1972;63;
A1973;27;1
A1974;16;1
A1975;27;
A1976;19;
A1977;30;1
A1978;24;1
A1979;4;1
A1980;30;1
A1981;49;2
A1982;23;1
A1983;10;1
A1984;11;1
A1985;0;
A1986;43;
A1987;26;1
A1988;58;2
A1989;98;1
A199;24;1
A1990;16;1
A1991;100;
A1992;100;
A1993;106;1
A1994;50;
A1995;59;
A1996;0;
A1997;0;
A1998;3;
A1999;1;
A20;60;3
A2000;25;
A2001;0;
A2002;1;2
A2003;0;
A2004;0;
A2005;1;
A2006;0;1
A2007;0;
A2008;0;
A2009;281;2
A201;19;1
A2010;254;
A2011;158;
A2012;296;
A2013;143;
A2014;171;1
A2015;318;6
A2016;199;
A2017;601;
A2018;351;
A2019;392;3
A2020;642;1
A2021;196;
A2022;323;
A2023;205;
A2024;337;1
A2025;182;
A2026;222;1
A2027;395;1
A2028;385;
A2029;529;1
A203;17;
A2030;378;
A2031;262;
A2032;220;5
A2033;180;2
A2034;0;
A2035;0;
A2036;0;
A2037;0;
A2038;0;
A2039;0;
A2040;187;
A2041;248;
A2042;239;
A2043;235;
A2044;244;
A2045;199;
A2046;241;
A2047;0;
A2048;7;
A2049;0;
A205;20;2
A2050;9;
A2051;0;
A2052;0;
A2053;239;
A2054;243;
A2055;216;
A2056;222;
A2057;174;
A2058;220;
A2059;784;30
A206;75;2
A2060;487;
A2061;481;
A2062;479;
AN2063;1;
A2063;30;
AN2064;1;
A2064;31;
AN2065;1;
A2065;10;
AN2066;1;
A2066;8;
AN2067;1;
A2067;3;
AN2068;1;
A2068;38;1
AN2069;1;
A2069;5;
A207;16;
AN2070;0;
A2070;1;
AN2071;0;
A2071;0;
AN2072;1;
A2072;2;
AN2073;1;
A2073;1;
AN2074;1;
A2074;6;
AN2075;0;
A2075;0;
AN2076;0;
A2076;0;
AN2077;0;
A2077;0;
AN2078;1;
A2078;6;
AN2079;1;
A2079;10;
A208;0;
AN2080;1;
A2080;18;
AN2081;1;
A2081;15;
AN2082;1;
A2082;16;
AN2083;1;
A2083;26;
AN2084;1;
A2084;8;
AN2085;1;
A2085;9;
AN2086;1;
A2086;17;
AN2087;1;
A2087;9;
AN2088;1;
A2088;6;
AN2089;1;
A2089;19;
A209;23;
AN2090;1;
A2090;2;
AN2091;1;
A2091;2;
AN2092;1;
A2092;4;
AN2093;1;
A2093;13;
AN2094;1;
A2094;8;
AN2095;1;
A2095;1;
AN2096;1;
A2096;6;
AN2097;1;
A2097;8;
AN2098;0;
A2098;0;
AN2099;1;
A2099;16;
A21;0;
A210;88;
AN2100;1;
A2100;3;
AN2101;1;
A2101;9;1
A2102;57;2
A2103;6;
A2104;19;
A2105;21;
A2106;52;
A2107;53;
A2108;50;
A2109;51;
A211;75;
A2110;0;
A2111;0;
A2112;50;
A2113;59;
A2114;50;
A2115;57;
A2116;14;
A2117;4;
A2118;0;
A2119;3;
A212;83;
A2120;0;
A2121;0;
A2122;11;
A2123;48;
A2124;152;
A2125;138;
A2126;32;
A2127;0;
A2128;0;
A2129;22;5
A2130;16;
A2131;7;1
A2132;0;1
A2133;23;1
A2134;69;2
A2135;75;2
A2136;71;1
A2137;152;2
A2138;186;
A2139;37;
A214;132;
A2140;8;
A2141;8;
A2142;15;
A2143;20;
A2144;42;2
A2145;43;1
A2146;60;
A2147;67;2
A2148;92;
A2149;47;1
A2150;55;
A2151;54;2
A2152;19;
A2153;11;
A2154;0;
A2155;0;
A2156;0;
A2157;1;
A2158;5;
A2159;1;1
A216;78;
A2160;9;
A2161;2;1
A2162;2;
A2163;0;
A2164;1;
A2165;1;
A2166;1;
A2167;6;1
A2168;2;1
A2169;8;
A2170;3;
A2171;3;
A2172;0;
A2173;1;
A2174;1;
A2175;0;
A2176;0;2
A2177;0;1
A2178;0;
A2179;2;
A218;9;
A2180;3;
A2181;0;
A2182;1;
A2183;0;
A2184;0;1
A2185;0;
A2186;0;
A2187;0;
A2188;0;
A2189;3;
A2190;164;1
A2191;225;2
A2192;259;1
A2193;390;5
A2194;187;5
A2195;157;
A2196;120;
A2197;83;4
A2198;103;
A2199;26;11
A22;0;
A220;8;
A2200;55;6
A2201;82;1
A2202;20;2
A2203;2;4
A2204;1;1
A2205;1;
A2206;410;16
A2207;273;11
A2208;417;7
A2209;155;8
A221;9;1
A2210;146;2
A2211;194;2
A2212;7;3
A2213;11;3
A2214;252;6
A2215;236;7
A2216;100;4
A2217;282;6
A2218;229;2
A2219;225;2
A222;3;2
A2220;34;3
A2221;33;2
A2222;170;1
A2223;107;
A2224;118;3
A2225;45;
A2226;71;3
A2227;208;2
A2228;25;
A2229;27;
A223;7;
A2230;109;
A2231;79;3
A2232;161;4
A2233;405;3
A2234;61;
A2235;45;2
A2236;26;
A2237;43;
A2238;118;3
A2239;231;2
A224;8;2
A2240;101;6
A2241;114;2
A2242;102;2
A2243;98;2
A2244;13;3
A2245;7;2
A2246;2;3
A2247;4;2
A2248;4;
A2249;3;4
A225;0;
A2250;37;1
A2251;69;
A2252;2;1
A2253;5;
A2254;29;1
A2255;190;2
A2256;60;
A2257;77;2
A2258;15;1
A2259;48;6
A226;0;
A2260;28;1
A2261;42;
A2262;6;3
A2263;31;4
A2264;17;2
A2265;75;2
A2266;8;4
A2267;18;3
A2268;14;2
A2269;8;1
A227;18;1
A2270;3;
A2271;0;
A2272;3;
A2273;0;
A2274;0;
A2275;6;
A2276;4;
A2277;0;
A2278;1;1
A2279;10;1
A2280;9;
A2281;8;3
A2282;17;
A2283;12;
A2284;12;
A2285;3;
A2286;7;
A2287;4;
A2288;19;1
A2289;23;
A229;1;2
A2290;21;1
A2291;13;
A2292;12;
A2293;4;
A2294;14;
A2295;13;
A2296;11;
A2297;10;1
A2298;14;
A2299;15;
A23;53;
A2300;14;
A2301;9;
A2302;12;
A2303;108;
A2304;10;
A2305;5;
A2306;19;1
A2307;15;
A2308;14;
A2309;10;
A231;6;3
A2310;9;
A2311;16;1
A2312;16;
A2313;16;
A2314;18;
A2315;12;
A2316;13;
A2317;0;
A2318;1;
A2319;0;
A2320;5;
A2321;0;
A2322;0;
A2323;1;
A2324;0;
A2325;14;
A2326;14;
A2327;6;
A2328;8;1
A2329;20;
A233;12;1
A2330;8;
A2331;9;
A2332;8;
A2333;13;
A2334;24;
A2335;37;
A2336;12;1
A2337;20;
A2338;48;2
A2339;40;
A2340;42;
A2341;85;
A2342;9;
A2343;390;
A2344;108;
A2345;96;
A2346;25;
A2347;15;
A2348;25;
A2349;12;
A235;27;2
A2350;110;
A2351;444;
A2352;102;
A2353;121;
A2354;15;
A2355;12;
A2356;15;
A2357;22;3
A2358;36;
A2359;6;
A236;0;2
A2360;2;
A2361;62;
A2362;32;
A2363;25;
A2364;24;
A2365;14;1
A2366;35;
A2367;5;
A2368;54;
A2369;81;1
A237;0;2
A2370;24;
A2371;26;
A2372;15;
A2373;12;
A2374;25;
A2375;11;
A2376;19;
A2377;68;
A2378;14;
A2379;12;
A238;0;3
A2380;0;
A2381;14;
A2382;44;
A2383;40;
A2384;10;
A2385;44;
A2386;19;
A2387;15;
A2388;15;
A2389;4;8
A239;13;
A2390;63;
A2391;8;
A2392;65;
A2393;41;
A2394;9;
A2395;10;
A2396;15;
A2397;194;3
A2398;49;
A2399;62;
A24;56;
A240;20;1
A2400;43;
A2401;76;
A2402;14;
A2403;13;
A2404;13;
A2405;4;
A2406;20;
A2407;14;
A2408;20;
A2409;37;
A241;40;2
A2410;16;
A2411;15;
A2412;18;
A2413;1;
A2414;44;
A2415;39;
A2416;37;
A2417;42;
A2418;19;
A2419;20;
A242;34;1
A2420;23;
A2421;14;
A2422;45;
A2423;37;
A2424;31;
A2425;31;
A2426;22;
A2427;22;
A2428;23;
A2429;3;
A2430;16;
A2431;1;
A2432;0;
A2433;5;
A2434;5;
A2435;4;
A2436;0;
A2437;0;
A2438;111;
A2439;3;
A244;46;2
A2440;3;
A2441;4;
A2442;5;
A2443;5;
A2444;5;
A2445;2;
A2446;5;
A2447;2;
A2448;4;
A2449;5;
A2450;5;
A2451;5;
A2452;5;
A2453;5;
A2454;3;
A2455;3;
A2456;5;
A2457;3;
A2458;5;
A2459;5;
A246;47;
A2460;5;
A2461;3;
A2462;29;
A2463;3;
A2464;4;
A2465;5;
A2466;5;
A2467;5;
A2468;5;
A2469;5;
A2470;5;
A2471;6;
A2472;5;
A2473;4;
A2474;5;
A2475;5;
A2476;5;
A2477;9;
A2478;7;
A2479;5;
A248;77;2
A2480;5;
A2481;5;
A2482;5;
A2483;5;
A2484;5;
A2485;5;
A2486;26;
A2487;3;
A2488;0;
A2489;3;
A2490;5;
A2491;4;
A2492;0;
A2493;48;
A2494;128;
A2495;26;
A2496;0;
A2497;0;
A2498;0;
A2499;16;
A25;115;
A250;0;2
A2500;22;
A2501;33;
A2502;58;1
A2503;47;
A2504;38;
A2505;44;
A2506;0;
A2507;1;
A2508;0;
A2509;0;
A251;33;
A2510;0;
A2511;0;
A2512;0;
A2513;0;
A2514;0;
A2515;0;
A2516;0;
A2517;0;
A2518;0;
A2519;1;
A252;2;
A2520;0;
A2521;0;
A2522;0;
A2523;5;
A2524;0;
A2525;0;
A2526;0;
A2527;7;
A2528;0;1
A2529;0;
A253;8;
A2530;0;
A2531;6;
A2532;11;3
A2533;0;
A2534;5;
A2535;7;1
A2536;3;1
A2537;8;1
A2538;0;
A2539;0;
A254;7;
A2540;0;
A2541;2;
A2542;0;
A2543;0;1
A2544;0;
A2545;9;
A2546;1;1
A2547;0;
A2548;0;
A2549;0;
A255;22;
A2550;6;
A2551;0;
A2552;0;
A2553;0;
A2554;22;
A2555;16;1
A2556;0;
A2557;0;
A2558;6;
A2559;7;
A256;23;
A2560;1;
A2561;0;
A2562;0;
A2563;4;
A2564;4;
A2565;0;
A2566;0;
A2567;0;
A2568;0;
A2569;0;
A257;0;
A2570;0;
A2571;0;
A2572;12;1
A2573;2;
A2574;0;
A2575;0;
A2576;7;
A2577;11;
A2578;0;
A2579;0;
A258;24;
A2580;0;
A2581;0;
A2582;0;1
A2583;0;
A2584;0;
A2585;5;
A2586;16;
A2587;4;1
A2588;4;1
A2589;2;
A259;30;
A2590;12;
A2591;3;
A2592;0;
A2593;0;
A2594;0;
A2595;13;
A2596;0;
A2597;0;
A2598;0;1
A2599;20;
A26;162;1
A260;19;
A2600;14;2
A2601;0;
A2602;0;
A2603;0;
A2604;17;
A2605;0;
A2606;0;
A2607;5;2
A2608;5;
A2609;6;1
A261;56;
A2610;0;
A2611;0;
A2612;0;
A2613;2;
A2614;0;
A2615;0;
A2616;0;
A2617;9;
A2618;10;
A2619;0;
A262;25;
A2620;2;
A2621;2;
A2622;16;
A2623;2;
A2624;0;
A2625;0;
A2626;6;
A2627;5;
A2628;0;
A2629;0;
A263;0;
A2630;0;
A2631;0;
A2632;0;
A2633;0;
A2634;0;
A2635;0;
A2636;0;
A2637;0;
A2638;0;
A2639;0;
A264;0;
A2640;0;
A2641;0;
A2642;1;
A2643;0;
A2644;0;
A2645;3;
A2646;5;3
A2647;6;1
A2648;20;
A2649;0;
A265;0;
A2650;5;2
A2651;2;
A2652;3;1
A2653;4;2
A2654;9;
A2655;0;
A2656;0;
A2657;8;
A2658;7;
A2659;3;
A266;0;
A2660;1;2
A2661;0;
A2662;3;
A2663;4;2
A2664;3;
A2665;7;1
A2666;14;
A2667;0;
A2668;3;
A2669;0;
A267;9;
A2670;0;
A2671;0;
A2672;16;
A2673;0;
A2674;22;1
A2675;88;1
A2676;90;1
A2677;113;1
A2678;72;1
A2679;10;
A268;7;
A2680;93;4
A2681;105;
A2682;20;
A2683;22;
A2684;0;
A2685;0;
A2686;6;
A2687;0;
A2688;0;
A2689;0;
A269;11;
A2690;4;
A2691;5;
A2692;0;
A2693;4;
A2694;0;
A2695;1;
A2696;2;
A2697;4;
A2698;4;
A2699;2;
A27;183;2
A270;10;
A2700;1;
A2701;3;
A2702;8;
A2703;1;
A2704;0;
A2705;1;1
A2706;6;
A2707;0;1
A2708;3;
A2709;0;1
A271;9;
A2710;0;3
A2711;0;
A2712;9;
A2713;9;
A2714;8;
A2715;8;
A2716;10;
A2717;18;
A2718;6;
A2719;0;
A272;5;
A2720;0;
A2721;7;
A2722;21;2
A2723;30;
A2724;0;
A2725;0;
A2726;32;
A2727;32;
A2728;36;
A2729;11;
A273;5;
A2730;13;
A2731;30;
A2732;0;
A2733;0;
A2734;0;
A2735;0;1
A2736;0;
A2737;0;
A2738;0;
A2739;0;2
A274;4;
A2740;0;1
A2741;0;
A2742;8;
A2743;7;
A2744;6;
A2745;40;
A2746;24;
A2747;15;
A2748;65;
A2749;18;
A275;1;
A2750;19;
A2751;1;1
A2752;2;
A2753;10;
A2754;5;
A2755;6;
A2756;6;
A2757;16;
A2758;9;
A2759;5;
A276;2;
A2760;12;
A2761;37;1
A2762;16;
A2763;17;
A2764;4;
A2765;25;2
A2766;18;1
A2767;4;
A2768;1;
A2769;2;
A277;9;
A2770;8;
A2771;0;2
A2772;3;2
A2773;0;2
A2774;5;2
A2775;4;
A2776;16;
A2777;19;1
A2778;186;1
A2779;145;
A278;6;
A2780;423;2
A2781;11;
A2782;8;
A2783;464;1
A2784;460;1
A2785;419;1
A2786;444;
A2787;238;
A2788;241;
A2789;0;
A279;0;
A2790;45;
A2791;316;
A2792;227;
A2793;4;2
A2794;0;
A2795;0;
A2796;0;
A2797;0;
A2798;38;
A2799;0;
A28;75;1
A280;1;
A2800;0;
A2801;0;
A2802;0;
A2803;34;
A2804;0;
A2805;0;
A2806;0;
A2807;18;4
A2808;0;
A2809;0;
A281;1;
A2810;2;
A2811;3;
A2812;2;1
A2813;0;1
A2814;0;
A2815;0;
A2816;0;
A2817;0;
A2818;0;
A2819;111;5
A282;0;
A2820;112;
A2821;112;7
A2822;120;
A2823;33;
A2824;25;
A2825;29;
A2826;0;
A2827;2;
A2828;3;
A2829;1;
A283;2;
A2830;0;
A2831;0;
A2832;1;
A2833;0;1
A2834;0;
A2835;18;
A2836;29;
A2837;65;
A2838;12;
A2839;0;
A284;2;
A2840;0;
A2841;3;
A2842;0;
A2843;5;
A2844;1;2
A2845;2;
A2846;1;2
A2847;0;1
A2848;6;
A2849;21;
A285;4;
A2850;17;
A2851;31;
A2852;0;
A2853;2;
A2854;0;
A2855;0;
A2856;1;1
A2857;3;
A2858;0;
A2859;0;
A286;0;
A2860;0;
A2861;0;
A2862;0;
A2863;9;
A2864;7;
A2865;6;
A2866;9;
A2867;10;1
A2868;0;
A2869;2;1
A287;0;
A2870;0;
A2871;1;
A2872;0;1
A2873;8;
A2874;0;
A2875;13;
A2876;459;
A2877;423;
A2878;397;7
A2879;113;1
A288;0;
A2880;68;
A2881;15;
A2882;9;1
A2883;2;
A2884;14;
A2885;0;
A2886;78;
A2887;50;
A2888;50;
A2889;14;1
A289;5;
A2890;1;
A2891;0;
A2892;0;
A2893;0;
A2894;0;
A2895;0;
A2896;7;
A2897;12;
A2898;8;
A2899;15;
A29;181;2
A290;8;
A2900;14;
A2901;0;
A2902;0;
A2903;0;
A2904;0;
A2905;0;
A2906;3;
A2907;3;
A2908;15;
A2909;12;
A291;14;
A2910;9;
A2911;11;
A2912;12;
A2913;21;
A2914;13;
A2915;8;
A2916;14;
A2917;13;
A2918;11;
A2919;11;
A292;9;
A2920;14;
A2921;14;
A2922;5;
A2923;16;
A2924;22;
A2925;10;
A2926;8;
A2927;9;
A2928;7;
A2929;4;
A293;11;
A2930;8;
A2931;5;
A2932;0;1
A2933;2;
A2934;19;
A2935;4;1
A2936;0;
A2937;0;
A2938;0;
A2939;0;1
A294;14;
A2940;1;
A2941;25;
A2942;15;
A2943;22;
A2944;30;1
A2945;18;
A2946;60;1
A2947;18;
A2948;0;1
A2949;0;
A295;19;
A2950;13;
A2951;4;
A2952;30;
A2953;0;
A2954;0;
A2955;6;3
A2956;12;1
A2957;9;1
A2958;8;1
A2959;0;1
A296;20;
A2960;28;
A2961;15;
A2962;0;
A2963;0;
A2964;16;1
A2965;12;1
A2966;2;
A2967;16;
A2968;18;
A2969;7;
A297;20;
A2970;15;1
A2971;9;1
A2972;3;1
A2973;10;
A2974;10;
A2975;7;
A2976;19;1
A2977;6;2
A2978;7;1
A2979;4;1
A298;0;
A2980;14;2
A2981;0;
A2982;9;
A2983;11;
A2984;0;
A2985;10;
A2986;3;
A2987;6;
A2988;10;
A2989;5;
A299;0;
A2990;8;
A2991;0;
A2992;0;
A2993;13;
A2994;23;
A2995;4;
A2996;0;
A2997;1;1
A2998;0;
A2999;0;
A30;98;1
A300;0;2
A3000;0;
A3001;0;
A3002;0;2
A3003;3;
A3004;6;1
A3005;0;
A3006;0;1
A3007;5;
A3008;1;2
A3009;0;
A301;0;
A3010;0;
A3011;0;
A3012;1;
A3013;1;
A3014;0;
A3015;3;1
A3016;0;
A3017;0;
A3018;0;
A3019;0;
A302;0;
A3020;3;
A3021;0;1
A3022;6;1
A3023;0;2
A3024;5;
A3025;13;1
A3026;1;
A3027;0;1
A3028;0;1
A3029;0;
A303;0;
A3030;0;
A3031;0;
A3032;9;
A3033;18;1
A3034;34;3
A3035;94;
A3036;48;
A3037;87;
A3038;13;
A3039;42;
A304;0;
A3040;29;
A3041;42;
A3042;40;
A3043;42;
A3044;21;1
A3045;31;
A3046;47;
A3047;43;
A3048;41;
A3049;41;
A305;0;
A3050;43;
A3051;16;
A3052;50;3
A3053;47;
A3054;48;
A3055;25;
A3056;1;
A3057;94;
A3058;48;
A3059;39;
A306;0;
A3060;43;
A3061;48;
A3062;38;
A3063;45;
A3064;39;
A3065;27;
A3066;27;
A3067;35;
A3068;34;
A3069;56;
A307;0;
A3070;1;
A3071;45;
A3072;47;
A3073;29;
A3074;53;
A3075;94;
A3076;39;
A3077;79;2
A3078;72;4
A3079;69;
A308;0;
A3080;68;4
A3081;69;1
A3082;57;
A3083;68;2
A3084;65;
A3085;59;
A3086;74;2
A3087;73;
A3088;6;
A3089;8;
A309;0;
A3090;0;
A3091;0;
A3092;6;
A3093;5;
A3094;0;
A3095;3;
A3096;184;
A3097;1;
A3098;8;
A3099;85;
A31;0;
A310;17;
A3100;1;
A3101;1;
A3102;3;
A3103;1;
A3104;1;
A3105;0;
A3106;5;
A3107;1;
A3108;2;
A3109;1;
A311;1;
A3110;1;
A3111;5;
A3112;1;
A3113;0;
A3114;0;
A3115;0;
A3116;114;1
A3117;79;2
A3118;88;1
A3119;11;1
A312;9;
A3120;14;1
A3121;12;2
A3122;22;1
A3123;1;
A3124;68;1
A3125;0;
A3126;2;
A3127;65;1
A3128;3;
A3129;82;
A313;64;
A3130;21;1
A3131;15;2
A3132;9;2
A3133;10;1
A3134;30;2
A3135;57;
A3136;44;
A3137;34;1
A3138;0;
A3139;0;
A314;41;
A3140;0;
A3141;0;
A3142;1;
A3143;88;
A3144;75;1
A3145;41;
A3146;31;
A3147;0;1
A3148;1;
A3149;4;
A315;60;
A3150;17;
A3151;15;
A3152;11;4
A3153;40;
A3154;48;
A3155;55;
A3156;52;
A3157;38;2
A3158;41;1
A3159;34;1
A316;64;
A3160;47;1
A3161;20;
A3162;25;1
A3163;24;1
A3164;8;1
A3165;21;2
A3166;27;1
A3167;61;
A3168;49;
A3169;40;1
A317;31;
A3170;57;1
A3171;23;
A3172;20;
A3173;22;
A3174;30;1
A3175;0;
A3176;0;
A3177;0;
A3178;0;
A3179;2;
A318;82;
A3180;2;
A3181;1;
A3182;2;
A3183;0;
A3184;1;
A3185;2;
A3186;3;
A3187;5;
A3188;2;
A3189;2;
A319;23;
A3190;5;
A3191;4;
A3192;2;
A3193;4;
A3194;1;
A3195;5;
A3196;4;
A3197;3;
A3198;1;
A3199;2;
A32;8;1
A320;23;
A3200;0;
A3201;2;
A3202;1;
A3203;3;
A3204;1;
A3205;1;
A3206;0;
A3207;1;
A3208;17;
A3209;18;
A321;7;
A3210;17;
A3211;17;
A3212;4;
A3213;7;
A3214;0;
A3215;0;
A3216;0;
A3217;0;
A3218;0;
A3219;0;
A322;0;
A3220;0;
A3221;0;
A3222;0;
A3223;0;
A3224;0;
A3225;0;
A3226;0;
A3227;0;
A3228;0;
A3229;0;
A323;0;
A3230;0;
A3231;0;
A3232;0;
A3233;0;
A3234;0;
A3235;0;
A3236;0;
A3237;0;
A3238;0;
A3239;0;
A324;0;
A3240;0;
A3241;0;
A3242;0;
A3243;0;
A3244;0;
A3245;0;
A3246;0;
A3247;0;
A3248;0;
A3249;0;
A325;0;
A3250;0;
A3251;0;
A3252;0;
A3253;0;
A3254;0;
A3255;0;
A3256;0;
A3257;0;
A3258;0;
A3259;0;
A326;0;
A3260;0;
A3261;0;
A3262;0;
A3263;0;
A3264;0;
A3265;0;
A3266;0;
A3267;0;
A3268;0;
A3269;0;1
A327;0;
A3270;0;
A3271;0;
A3272;0;
A3273;0;
A3274;0;
A3275;0;
A3276;0;
A3277;0;
A3278;0;
A3279;0;
A328;1;
A3280;0;
A3281;0;
A3282;0;
A3283;0;
A3284;0;
A3285;0;
A3286;0;
A3287;0;
A3288;0;
A3289;0;
A329;0;
A3290;0;
A3291;0;
A3292;0;
A3293;0;
A3294;0;
A3295;0;
A3296;0;
A3297;0;
A3298;0;
A3299;0;
A33;20;1
A330;0;
A3300;0;
A3301;0;
A3302;0;
A3303;0;
A3304;0;
A3305;0;
A3306;0;
A3307;0;
A3308;0;
A3309;0;
A331;0;
A3310;0;
A3311;0;
A3312;0;
A3313;0;
A3314;0;
A3315;0;
A3316;0;
A3317;0;
A3318;0;
A3319;0;
A332;0;1
A3320;0;
A3321;3;1
A3322;17;
A3323;24;
A3324;0;
A3325;1;
A3326;8;
A3327;16;
A3328;20;
A3329;19;
A333;2;
A3330;19;
A3331;18;
A3332;24;
A3333;0;
A3334;0;
A3335;0;
A3336;0;
A3337;1;
A3338;0;
A3339;0;
A334;0;
A3340;1;
A3341;0;
A3342;0;
A3343;0;
A3344;0;
A3345;0;
A3346;0;
A3347;0;
A3348;0;
A3349;0;
A335;0;
A3350;0;
A3351;2;
A3352;0;
A3353;0;
A3354;0;
A3355;3;
A3356;17;
A3357;0;
A3358;2;
A3359;6;
A336;0;
A3360;0;
A3361;0;
A3362;6;
A3363;0;
A3364;0;
A3365;0;
A3366;0;
A3367;3;
A3368;1;
A3369;6;
A337;0;
A3370;13;
A3371;7;
A3372;8;
A3373;9;
A3374;6;
A3375;7;
A3376;3;
A3377;6;
A3378;3;
A3379;183;1
A338;7;
A3380;291;
A3381;30;
A3382;30;
A3383;0;
A3384;2;
A3385;67;2
A3386;52;
A3387;286;3
A3388;175;5
A3389;335;1
A339;0;
A3390;306;2
A3391;195;2
A3392;412;4
A3393;159;2
A3394;357;2
A3395;217;
A3396;201;1
A3397;42;
A3398;8;
A3399;51;1
A34;34;
A340;0;
A3400;82;
A3401;34;
A3402;27;
A3403;60;
A3404;81;
A3405;10;
A3406;10;
A3407;10;
A3408;10;
A3409;22;
A341;1;1
A3410;22;
A3411;25;
A3412;40;2
A3413;32;
A3414;20;
A3415;17;
A3416;7;
A3417;9;
A3418;0;
A3419;0;
A342;1;
A3420;0;
A3421;0;
A3422;3;1
A3423;2;1
A3424;2;
A3425;1;
A3426;0;
A3427;11;
A3428;9;
A3429;8;
A343;0;
A3430;9;
A3431;14;
A3432;0;
A3433;1;
A3434;0;
A3435;1;
A3436;1;
A3437;6;
A3438;4;
A3439;0;
A344;0;
A3440;0;
A3441;0;
A3442;1;
A3443;12;
A3444;8;
A3445;5;
A3446;12;
A3447;81;
A3448;50;
A3449;0;1
A345;2;
A3450;52;
A3451;39;1
A3452;83;
A3453;88;8
A3454;106;1
A3455;110;2
A3456;84;
A3457;89;18
A3458;115;
A3459;111;2
A346;23;2
A3460;105;
A3461;103;
A3462;106;
A3463;109;
A3464;103;
A3465;102;
A3466;55;
A3467;55;
A3468;60;
A3469;58;
A347;4;
A3470;60;
A3471;55;
A3472;20;
A3473;0;
A3474;59;
A3475;57;
A3476;52;2
A3477;50;
A3478;57;
A3479;64;
A348;1;
A3480;58;
A3481;58;
A3482;50;
A3483;50;
A3484;51;1
A3485;56;
A3486;2;
A3487;26;7
A3488;57;
A3489;0;
A349;24;1
A3490;25;1
A3491;63;1
A3492;1;
A3493;140;7
A3494;6;
A3495;37;1
A3496;1;1
A3497;10;
A3498;8;
A3499;8;
A35;1959;4
A350;3;
A3500;10;
A3501;1;
A3502;0;
A3503;8;
A3504;26;1
A3505;0;
A3506;0;
A3507;0;
A3508;0;
A3509;0;
A351;8;
A3510;2;
A3511;2;
A3512;8;
A3513;8;
A3514;2;
A3515;3;
A3516;3;
A3517;5;
A3518;19;
A3519;5;
A352;0;
A3520;13;
A3521;14;2
A3522;1;
A3523;2;
A3524;0;
A3525;0;
A3526;1;
A3527;0;
A3528;1;
A3529;3;
A353;0;1
A3530;3;
A3531;1;
A3532;6;
A3533;4;
A3534;1;
A3535;10;
A3536;5;
A3537;5;
A3538;3;
A3539;1;
A354;0;2
A3540;0;
A3541;175;7
A3542;9;
A3543;0;
A3544;5;
A3545;80;
A3546;13;
A3547;295;
A3548;5;
A3549;2;
A355;19;2
A3550;0;
A3551;0;
A3552;554;
A3553;36;1
A3554;14;
A3555;39;3
A3556;85;1
A3557;134;2
A3558;112;
A3559;104;1
A356;10;1
A3560;82;
A3561;135;
A3562;26;1
A3563;24;
A3564;0;
A3565;2;
A3566;1;
A3567;2;
A3568;1;
A3569;17;
A357;5;2
A3570;19;1
A3571;20;
A3572;20;
A3573;20;3
A3574;20;
A3575;20;
A3576;19;
A3577;23;
A3578;19;
A3579;0;
A358;61;3
A3580;10;
A3581;6;
A3582;13;
A3583;9;
A3584;10;
A3585;6;
A3586;14;
A3587;14;
A3588;5;
A3589;79;3
A359;34;1
A3590;69;1
A3591;133;1
A3592;112;1
A3593;139;4
A3594;1;
A3595;35;
A3596;481;
A3597;0;
A3598;5;
A3599;116;1
A36;11;
A360;6;1
A3600;0;
A3601;0;
A3602;0;
A3603;0;
A3604;3;
A3605;3;
A3606;0;
A3607;1;
A3608;0;
A3609;2;
A361;17;3
A3610;5;
A3611;5;
A3612;80;3
A3613;0;
A3614;1;
A3615;21;
A3616;17;
A3617;31;
A3618;54;
A3619;39;
A362;13;1
A3620;36;
A3621;37;
A3622;10;
A3623;5;
A3624;5;
A3625;0;
A3626;0;
A3627;1;
A3628;3;
A3629;3;
A363;17;2
A3630;3;
A3631;5;
A3632;3;
A3633;3;
A3634;2;
A3635;0;
A3636;2;
A3637;0;
A3638;0;
A3639;0;
A364;9;2
A3640;1;
A3641;1;
A3642;1;
A3643;0;
A3644;0;
A3645;0;
A3646;1;
A3647;1;
A3648;0;
A3649;0;
A365;7;1
A3650;0;
A3651;1;
A3652;2;
A3653;1;
A3654;2;
A3655;1;
A3656;0;
A3657;0;
A3658;2;1
A3659;1;
A366;0;2
A3660;0;
A3661;0;
A3662;0;
A3663;1;
A3664;0;
A3665;0;
A3666;1;
A3667;0;
A3668;1;
A3669;0;
A367;11;
A3670;0;1
A3671;1;
A3672;0;
A3673;14;
A3674;17;
A3675;19;
A3676;12;
A3677;17;1
A3678;16;
A3679;13;
A368;4;1
A3680;17;
A3681;26;1
A3682;32;3
A3683;36;3
A3684;36;
A3685;32;
A3686;34;
A3687;12;1
A3688;15;
A3689;18;
A369;1;
A3690;18;
A3691;20;
A3692;12;
A3693;18;
A3694;16;
A3695;15;
A3696;12;1
A3697;21;1
A3698;33;
A3699;39;
A37;129;
A370;0;
A3700;33;1
A3701;33;1
A3702;38;
A3703;14;1
A3704;14;
A3705;5;
A3706;20;
A3707;5;
A3708;13;
A3709;15;
A371;0;
A3710;16;
A3711;16;
A3712;10;
A3713;5;
A3714;14;
A3715;18;
A3716;5;
A3717;5;
A3718;271;
A3719;0;
A372;0;
AN3723;1;
A3723;1;
AN3724;1;
A3724;1;
AN3725;1;
A3725;2;
AN3726;0;
A3726;0;
AN3727;1;
A3727;1;
AN3728;1;
A3728;2;
AN3729;0;
A3729;0;
A373;24;
AN3730;1;
A3730;10;
A3731;7;
A3732;5;
A3733;0;
A3734;1;
A3735;7;
A3736;10;
A3737;12;2
A3738;23;2
A3739;21;2
A374;5;
A3740;23;1
A3741;19;1
A3742;9;
A3743;1;
A3744;0;
A3745;9;
A3746;7;
A3747;0;
A3748;0;
A3749;0;
A375;17;
A3750;0;
A3751;1;
A3752;0;
A3753;2;
A3754;2;
A3755;0;
A3756;2;
A3757;4;
A3758;5;
A3759;2;
A376;7;2
A3760;0;
A3761;0;
A3762;1;
A3763;1;
A3764;2;
A3765;0;1
A3766;4;1
A3767;5;
A3768;1;
A3769;1;
A377;5;
A3770;1;
A3771;2;
A3772;0;
A3773;3;1
A3774;4;1
A3775;5;
A3776;5;
A3777;0;
A3778;0;
A3779;1;
A378;1;
A3780;0;
A3781;0;
A3782;0;
A3783;2;
A3784;4;
A3785;5;
A3786;1;
A3787;2;1
A3788;0;1
A3789;2;
A379;22;1
A3790;4;
A3791;3;1
A3792;4;
A3793;5;
A3794;5;
A3795;1;
A3796;2;
A3797;1;
A3798;1;
A3799;0;
A38;15;
A380;20;
A3800;2;
A3801;1;
A3802;2;
A3803;9;
A3804;9;
A3805;7;
A3806;15;
A3807;13;
A3808;10;
A3809;15;
A381;31;
A3810;20;
A3811;0;
A3812;1;
A3813;0;
A3814;0;
A3815;0;
A3816;0;
A3817;0;
A3818;1;
A3819;0;
A382;0;
A3820;0;
A3821;0;
A3822;0;
A3823;0;
A3824;0;
A3825;0;
A3826;2;
A3827;0;
A3828;0;
A3829;0;
A383;9;
A3830;0;
A3831;0;
A3832;0;
A3833;0;
A3834;0;
A3835;0;
A3836;0;
A3837;0;
A3838;0;
A3839;0;
A384;2;
A3840;0;
A3841;1;
A3842;0;
A3843;0;
A3844;0;
A3845;0;
A3846;0;
A3847;0;
A3848;0;
A3849;0;
A385;65;2
A3850;0;
A3851;1;
A3852;0;
A3853;0;
A3854;0;
A3855;0;
A3856;0;
A3857;1;
A3858;0;
A3859;2;
A386;11;2
A3860;4;
A3861;4;
A3862;4;
A3863;4;
A3864;4;
A3865;4;
A3866;5;1
A3867;4;
A3868;5;
A3869;4;
A387;38;
A3870;5;
A3871;4;
A3872;5;
A3873;4;
A3874;3;2
A3875;2;1
A3876;4;1
A3877;4;1
A3878;5;
A3879;3;
A388;17;
A3880;2;
A3881;5;
A3882;5;
A3883;4;
A3884;2;
A3885;4;1
A3886;4;
A3887;5;
A3888;5;
A3889;167;1
A389;2;
A3890;20;1
A3891;39;1
A3892;0;
A3893;72;2
A3894;83;2
A3895;140;1
A3896;127;1
A3897;144;3
A3898;71;3
A3899;95;2
A39;5;1
A390;17;
A3900;111;6
A3901;137;
A3902;146;3
A3903;2;
A3904;18;4
A3905;10;1
A3906;16;1
A3907;14;1
A3908;0;1
A3909;7;1
A391;40;
A3910;10;1
A3911;20;
A3912;19;1
A3913;7;
A3914;0;1
A3915;0;
A3916;7;
A3917;19;1
A3918;5;1
A3919;6;
A392;30;
A3920;0;1
A3921;4;1
A3922;16;
A3923;6;1
A3924;15;1
A3925;8;3
A3926;16;
A3927;18;1
A3928;0;1
A3929;18;
A393;0;
A3930;14;1
A3931;20;2
A3932;16;1
A3933;0;1
A3934;11;
A3935;3;
A3936;11;1
A3937;17;
A3938;0;1
A3939;0;
A394;1;
A3940;7;
A3941;13;1
A3942;17;1
A3943;35;1
A3944;12;2
A3945;39;1
A3946;69;
A3947;30;
A3948;0;
A3949;4;1
A395;1;
A3950;100;1
A3951;3;
A3952;1;1
A3953;0;
A3954;0;
A3955;0;
A3956;8;1
A3957;24;
A3958;22;
A3959;22;
A396;0;
A3960;21;1
A3961;28;
A3962;19;
A3963;21;
A3964;23;
A3965;22;
A3966;26;
A3967;0;
A3968;0;
A3969;0;1
A397;0;
A3970;0;
A3971;5;
A3973;4;
A3974;3;
A3975;0;1
A3976;2;
A3977;2;1
A3978;7;
A3979;5;1
A398;0;
A3980;2;2
A3981;0;2
A3982;2;
A3983;2;
A3984;2;
A3985;0;
A3986;0;
A3987;0;
A3988;0;
A3989;0;1
A399;7;1
A3990;1;1
A3991;0;
A3992;0;
A3993;0;
A3994;7;1
A3995;1;1
A3999;0;
A40;0;
A400;4;
A4003;0;
A4004;0;
A4006;1;
A4007;72;
A4008;4;1
A4009;0;1
A401;1;
A4010;2;
A4011;3;
A4012;4;1
A4013;1;1
A4014;0;
A4015;0;
A4016;0;
A4017;0;
A4018;6;
A4019;48;
A402;17;2
A4020;0;
A4021;39;
A4022;212;
A4023;146;
A4024;93;
A4025;180;
A4026;0;
A4027;0;
A4028;0;
A4029;0;
A403;94;4
A4030;0;
A4031;0;
A4032;0;
A4033;0;
A4034;0;
A4035;0;
A4036;0;
A4037;0;
A4038;0;1
A4039;0;
A404;36;2
A4040;0;
A4041;10;
A4042;0;
A4043;0;
A4044;0;
A4045;0;
A4046;0;
A4047;0;
A4048;0;
A4049;0;
A405;7;
A4050;0;
A4051;0;
A4052;0;
A4053;0;
A4054;0;
A4055;0;
A4056;0;
A4057;0;
A4058;0;
A4059;0;
A406;3;
A4060;0;
A4061;0;
A4062;5;
A4063;0;
A4064;11;
A4065;58;10
A4066;156;3
A4067;158;4
A4068;95;1
A4069;115;
A407;232;5
A4070;91;
A4071;0;
A4072;0;
A4073;0;
A4074;0;
A4075;0;
A4076;0;
A4077;1;
A408;133;11
A4083;0;
A4084;0;
A4085;0;
A4086;0;
A4087;0;
A4088;0;
A4089;0;
A409;92;3
A4090;0;
A4091;0;
A4092;0;
A4093;0;
A4094;0;
A4095;0;
A4096;0;
A4097;0;
A4098;0;
A4099;0;
A41;230;1
A410;6;
A4100;0;
A4101;0;
A4102;0;
A4103;0;
A4104;0;
A4105;0;
A4106;0;
A4107;0;
A4108;0;
A4109;0;
A411;0;
A4110;0;
A4111;0;
A4112;0;
A4113;0;
A4114;0;
A4115;0;
A4116;0;
A4117;0;
A4118;0;
A4119;0;
A412;14;
A4120;0;
A4121;0;
A4122;1;
A4123;0;
A4124;0;
A4125;0;
A4126;0;
A4127;0;
A4128;6;
A4129;1;
A413;0;
A4130;1;
A4131;0;
A4132;0;
A4133;0;
A4134;0;
A4135;0;
A4136;0;
A4137;0;
A4138;0;
A4139;0;
A414;0;
A4140;0;
A4141;0;1
A4142;1;
A4143;2;
A4144;5;
A4145;0;
A4146;0;
A4147;0;
A4148;0;
A4149;0;
A415;0;
A4150;0;
A4151;0;
A4152;1;1
A4153;0;
A4154;0;
A4155;15;1
A4156;21;
A4157;22;
A4158;18;
A4159;18;
A416;2;
A4160;29;
A4161;29;
A4162;25;
A4163;28;
A4164;25;
A4165;0;
A4166;1;
A4167;2;
A4168;0;
A4169;0;1
A417;0;
A4170;0;
A4171;1;
A4172;2;
A4173;2;
A4174;2;
A4175;0;1
A4176;1;
A4177;0;
A4178;1;
A4179;2;
A418;0;
A4180;1;
A4181;0;1
A4182;0;1
A4183;0;
A4184;0;
A4185;2;
A4186;2;
A4187;2;
A4188;0;2
A4189;0;
A419;12;
A4190;0;
A4191;0;
A4192;2;
A4193;2;
A4194;4;
A4195;0;
A4196;0;
A4197;0;
A4198;0;
A4199;1;
A42;60;2
A420;51;1
A4200;0;
A4201;0;
A4202;0;2
A4203;0;
A4204;0;
A4205;0;1
A4206;1;
A4207;2;
A4208;2;
A4209;0;
A421;0;
A4210;0;1
A4211;0;1
A4212;0;
A4213;2;
A4214;2;
A4215;4;
A4216;2;
A4217;0;
A4218;0;
A4219;0;
A422;42;1
A4220;1;
A4221;0;
A4222;1;
A4223;0;2
A4224;0;
A4225;0;
A4226;0;
A4227;2;
A4228;0;
A4229;0;
A423;35;2
A4230;0;
A4231;0;
A4232;0;
A4233;0;
A4234;0;1
A4235;0;
A4236;0;
A4237;0;
A4238;0;
A4239;0;
A424;1;
A4240;0;
A4241;0;
A4242;0;
A4243;0;
A4244;0;
A4245;0;
A4246;0;
A4247;0;
A4248;0;
A4249;0;
A425;2;
A4250;0;
A4251;0;
A4252;209;
A4253;108;10
A4254;164;8
A4255;143;
A4256;115;2
A4257;1;7
A4258;1;
A4259;121;
A426;6;
A4260;69;
A4261;217;
A4262;200;
A4263;118;2
A4264;115;6
A4265;29;
A4266;29;
A4267;27;
A4268;29;
A4269;35;
A427;36;
A4270;29;
A4271;28;
A4272;30;
A4273;28;1
A4274;32;
A4275;0;
A4277;12;
A4278;21;
A4279;27;
A428;24;
A4280;29;
A4281;10;
A4282;4;1
A4283;5;
A4284;3;
A4285;1;
A4286;2;
A4287;6;
A4288;12;2
A4289;157;10
A429;32;1
A4290;180;21
A4291;204;16
A4292;119;2
A4293;91;2
A4294;73;3
A4295;64;1
A4296;130;2
A4297;8;
A4298;37;1
A4299;222;
A43;161;2
A430;104;6
A4300;8;
A4301;7;
A4302;8;1
A4303;178;5
A4305;21;
A4306;24;2
A4307;11;1
A4308;86;5
A4309;78;5
A431;122;4
A4310;4;
A4312;0;
A4313;0;
A4314;0;
A4315;0;
A4316;0;
A4317;0;
A4318;0;
A4319;0;
A432;257;5
A433;51;
A434;202;
A435;279;2
A436;0;
A437;68;
A438;0;
A439;10;
A44;40;
A440;27;
A441;31;
A442;10;
A443;31;
A444;193;1
A445;155;2
A446;274;1
A447;7;
A448;118;
A449;218;
A45;874;2
A450;70;5
A451;9;
A452;257;3
A453;10;1
A454;69;
A455;6;2
A456;28;
A457;49;
A458;41;1
A459;0;
A46;74;2
A460;50;
A461;48;
A462;0;
A463;113;
A464;41;
A465;47;
A466;45;
A467;14;
A468;37;
A469;0;
A47;0;
A470;10;
A471;19;
A472;9;
A473;7;
A474;10;
A475;3;7
A476;0;7
A477;0;
A478;0;
A479;0;
A48;0;
A480;1;
A481;6;1
A482;62;
A484;142;6
A485;19;
A486;4;
A487;31;
A488;0;
A489;0;
A49;6;
A490;21;
A491;4;
A492;0;
A493;23;
A494;0;
A495;0;
A496;7;
A497;28;
A498;0;
A499;5;
A50;0;
A500;0;
A501;0;
A502;17;
A503;73;2
A504;29;
A505;68;3
A506;4;
A507;20;
A508;7;
A509;26;3
A51;118;5
A510;0;
A511;3;18
A513;19;
A514;153;4
A515;1;
A516;0;
A517;0;
A518;3;
A519;44;
A52;21;2
A520;110;
A521;1;
A522;7;1
A524;4;
A525;1;
A526;0;
A527;10;
A528;43;
A529;0;1
A53;0;
A530;63;2
A531;44;
A532;88;
A533;4;
A534;16;1
A535;42;1
A536;2;
A537;0;
A538;81;1
A539;3;
A54;216;12
A540;716;7
A541;1;14
A542;6;
A543;5;
A544;19;
A545;85;2
A546;90;5
A547;63;5
A548;87;3
A549;60;
A55;99;
A550;8;
A551;0;2
A552;5;
A553;771;36
A554;29;2
A555;0;
A556;0;
A557;0;
A558;3;12
A559;0;
A56;40;1
A560;231;
A561;2429;
A562;3437;
A563;723;
A564;28;
A565;186;
A567;0;
A569;188;
A57;0;
A570;0;
A571;1;
A572;88;3
A573;107;1
A574;34;
A575;6;
A576;37;1
A577;2;1
A578;94;1
A579;113;
A58;79;
A580;341;
A583;0;
A584;0;
A585;18;
A586;21;2
A587;0;
A588;1;
A589;9;
A59;13;1
A590;6;
A592;0;2
A593;20;
A594;16;1
A595;0;1
A596;4;
A597;10;
A598;0;
A60;0;
A600;28;
A601;0;
A602;4;
A603;1;
A604;60;
A605;50;
A606;1;1
A607;0;
A608;95;
A609;32;
A61;0;
A610;12;
A611;0;
A612;19;
A613;0;
A614;0;
A615;1;
A616;3;1
A617;0;1
A618;0;
A619;0;
A62;5;1
A620;0;
A621;0;
A622;1;
A623;1;
A624;5;
A627;14;
A628;1;
A629;4;
A63;0;
A630;0;
A631;0;
A632;0;
A633;3;
A634;9;
A635;5;
A636;7;
A637;0;
A638;10;
A639;30;
A64;72;
A640;1;
A641;0;
A642;0;
A643;25;3
A644;4;
A645;24;1
A646;8;1
A647;1;1
A648;82;2
A649;114;1
A65;162;47
A650;97;2
A651;41;1
A652;28;
A653;16;
A654;18;
A655;29;
A656;26;
A657;10;
A658;40;
A659;27;
A66;429;1
A660;22;
A661;21;2
A662;18;1
A663;25;
A664;16;
A665;7;
A666;12;
A667;90;1
A668;172;
A669;0;
A67;660;10
A670;146;2
A671;20;
A672;3;
A673;0;
A675;16;
A676;2;
A677;44;
A678;2;
A679;0;
A68;639;
A681;0;
A682;1;
A685;2;
A687;1;
A688;0;
A69;168;1
A696;0;
A697;0;
A699;0;
A70;0;
A700;10;
A701;9;
A704;242;
A705;409;6
A706;91;
A707;32;1
A708;20;
A709;2;
A71;0;
A710;109;6
A711;148;1
A712;665;77
A713;31;2
A714;37;
A715;9;
A716;158;4
A717;108;1
A718;67;
A719;59;
A72;0;
A720;1;
A721;30;
A722;29;
A724;8;1
A725;100;1
A726;0;
A727;1;
A728;4;
A729;23;
A73;0;
A730;13;
A731;0;1
A732;5;
A733;0;
A734;5;
A735;5;1
A736;6;
A737;7;
A738;0;3
A739;16;2
AN74;1;
A74;17;
A740;30;
A741;0;
A742;9;
A743;20;
A744;16;
A745;19;1
A746;3;1
A747;40;
A748;56;
A749;6;
AN75;1;
A75;6;
A750;1;
A751;25;1
A752;0;
A753;0;
A754;91;3
A755;13;1
A756;0;
A757;69;
A758;22;1
A759;6;
AN76;1;
A76;4;
A760;0;
A761;23;
A762;56;
A763;8;1
A764;17;1
A765;3;
A766;56;2
A767;61;1
A768;69;
A769;213;1
AN77;1;
A77;2;
A770;173;3
A771;60;
A772;126;1
A773;16;
A774;0;
A775;10;
A776;11;
A777;2;
A778;36;
A779;425;
AN78;0;
A78;0;
A780;18;
A781;33;1
A782;43;
A783;22;1
A784;11;2
A785;17;
A786;20;
A787;3;
A788;0;
A789;0;
AN79;1;
A79;9;
A790;19;
A791;32;
A792;21;
A793;20;
A794;27;
A795;28;
A796;3;
A797;9;
A798;2;
A799;3;
AN80;1;
A80;11;
A800;5;1
A801;10;
A802;9;
A803;10;
A804;7;
A805;9;
A806;2;
A807;70;1
A808;377;5
A809;0;1
AN81;1;
A81;5;
A810;55;9
A811;127;1
A812;289;3
A813;94;1
A814;480;10
A815;14;
A816;0;
A817;0;1
A818;24;2
A819;2;
AN82;1;
A82;13;
A820;8;
A821;0;
A822;17;
A823;72;
A824;126;1
A825;50;
A826;91;5
A827;0;
A828;0;
A829;0;
AN83;1;
A83;2;
A831;48;
A832;0;
A833;469;2
A834;479;
A835;427;1
A836;0;
A837;3;2
A838;0;
A839;0;
AN84;1;
A84;4;
A840;8;
A841;0;
A842;38;3
A843;29;3
A844;0;4
A845;0;
A846;9;
A847;0;
A848;0;
A849;0;
AN85;0;
A85;1;
A850;7;1
A851;10;
A852;2;
A853;2;
A854;17;
A855;0;
A856;13;
A857;12;
A858;50;
A859;216;1
AN86;0;
A86;1;
A860;0;
A861;14;5
A862;10;
A863;16;
A864;0;
A865;23;
A866;0;
A867;0;
A868;0;
A869;307;
A87;9;7
A870;25;
A871;1;
A872;0;1
A873;0;
A874;0;
A875;0;
A876;0;
A877;0;
A878;0;
A879;0;
A88;9;1
A880;0;
A881;0;
A882;0;
A883;0;
A884;0;
A885;0;
A886;0;
A887;2;
A888;0;
A889;0;
A89;2;
A890;0;
A891;0;1
A892;0;
A893;0;
A894;0;
A895;0;
A896;0;
A897;0;1
A898;0;
A899;0;
A9;0;
A90;15;
A900;0;
A901;0;
A902;0;
A903;0;
A904;0;
A905;0;
A906;0;
A907;0;
A908;0;
A909;0;
A91;0;10
A910;0;
A911;0;
A912;0;
A913;1;
A914;3;
A915;0;
A916;9;
A917;0;
A918;0;
A919;0;
A92;6;
A920;0;
A921;0;
A922;0;
A923;2;
A924;0;
A925;2;
A926;0;1
A927;0;
A928;1;
A929;0;
A93;4;
A930;0;
A931;0;
A932;0;
A933;0;
A934;0;
A935;0;
A936;0;
A937;0;
A938;0;
A939;0;
A94;24;
A940;0;
A941;0;
A942;1;
A943;0;
A944;1411;
A945;45;
A946;0;
A947;172;3
A948;0;
A949;338;4
A95;7;
A950;460;
A951;1709;7
A952;25;
A953;40;
A954;83;
A955;139;
A956;69;1
A957;0;3
A958;0;
A959;0;
A96;1;
A960;68;
A961;0;
A962;1;
A963;1;
A964;465;
A965;225;
A966;242;
A967;113;1
A97;20;
A972;9;
A973;82;2
A974;10;
A975;0;
A976;15;
A977;15;
A978;28;
A979;25;1
A98;4;
A980;10;
A981;17;
A982;19;
A983;110;
A984;8;
A985;2;
A986;7;
A987;51;1
A988;75;3
A989;5;
A99;17;
A990;5;
A991;2;
A992;4;
A993;8;
A994;8;
A995;0;
A996;3;
A997;4;
A998;2;
A999;6;
BZ1001N;0;
BZ1001R;0;
BZ1002;0;
BZ1003;0;
BZ1004;0;
BZ1005;0;
BZ1006;0;
BZ1007;3;
BZ1008;19;
BZ1009;32;
BZ1010;12;
BZ1011;41;
BZ1012;15;
BZ1013;22;
BZ1014;53;
BZ1015;32;
BZ1016;80;
BZ1017;34;
BZ1018;3;
A4320;0;
A4321;59;1
A4322;69;1
A4323;47;
A4324;105;
A4325;15;
A4326;0;
A4327;0;
A4328;1;
A4329;0;
A4330;0;
A4331;0;
A4332;1;1
A4333;0;1
A4334;0;1
A4335;0;3
A4336;0;2
A4337;0;4
A4338;0;3
A4339;1;2
A4340;1;
A4341;0;1
A4342;0;
A4343;0;
A4311;2;
A4304;4;
A4344;20;
A4348;0;
A4346;0;
A4345;0;
A4347;0;
A4349;0;
A4350;0;
A4351;0;
AD1;34;4
AD2;30;4
AD3;24;2
AD4;13;2
AD5;17;3
AD6;20;2
AD7;21;
AD8;20;2
AD9;20;2
AD10;20;2
AD11;0;
AD12;21;
AD13;19;2
AD14;10;
AD15;14;
AD16;15;1
AD17;10;
AD18;12;
AD19;6;1
AD20;9;
AD21;10;
AD22;12;
AD23;16;1
AD24;12;1
AD25;14;
AD26;11;
AD27;13;
AD28;12;
AD29;11;
AD30;11;
AD31;11;1
AD32;10;1
AD33;10;1
AD34;10;2
AD35;14;
AD36;13;1
AD37;11;1
AD38;13;
AD39;11;
AD40;8;
AD41;11;
AD42;11;
AD43;11;
AD44;11;
AD45;10;
AD46;10;
AD47;10;
AD48;14;
AD49;14;1
AD50;10;
AD51;13;
AD52;11;1
AD53;12;
AD54;12;
AD55;12;
AD56;10;
AD57;11;
AD58;10;
AD59;10;
AD60;10;
AD61;8;
AD62;13;
AD63;11;
AD64;8;
AD65;9;
AD66;9;
AD67;9;
AD68;9;
AD69;9;
AD70;7;
AD71;7;
AD72;7;
AD73;8;
AD74;11;
AD75;11;
AD76;14;
AD77;8;
AD78;6;
AD79;12;
AD80;12;
AD81;12;
AD82;10;
AD83;10;
AD84;10;
AD159;0;
AD160;0;
AD161;14;1
AD162;14;1
AD163;14;1
AD164;13;1
AD165;14;
AD166;14;
AD195;0;
AD196;0;
AD197;0;
AD198;0;
AD199;0;
AD200;21;15
AD201;50;7
AD202;54;5
AD203;39;
AD204;46;1
AD205;30;19
AD206;49;8
AD207;59;3
AD208;46;
AD209;39;4
AD210;44;8
AD211;63;
AD212;61;2
AD213;43;2
AD214;41;4
AD215;54;4
AD216;46;11
AD217;42;16
AD218;43;
AD219;44;2
AD220;61;
AD221;48;6
AD222;43;15
AD223;43;1
AD224;47;
AD225;64;
AD226;63;
AD227;64;
AD228;45;
AD229;45;2
AD230;0;
AD231;0;
AD232;0;
AD233;0;
AD234;0;
AD235;0;
AD236;0;
AD237;0;
AD238;0;
AD239;0;
AD240;0;
AD241;0;
AD242;0;
AD243;0;
AD244;0;
AD245;0;
AD246;0;
AD247;0;
AD248;0;
AD249;0;
AD250;0;
AD251;0;
AD252;0;
AD253;0;
AD254;0;
AD255;0;
AD256;0;
AD257;0;
AD258;0;
AD259;0;
AD260;0;
AD261;0;
AD262;0;
AD263;0;
AD264;0;
AD167;46;
AD168;92;
AD169;144;
AD170;96;
AD171;40;
AD172;0;
AD173;48;
AD174;94;
AD175;144;
AD176;96;
AD177;40;
AD178;0;
AD179;0;
AD180;0;
AD181;0;
AD182;0;
AD183;0;
AD184;0;
AD185;46;
AD186;96;
AD187;144;
AD188;96;
AD189;40;
AD190;0;
AD114;48;
AD115;48;
AD116;48;
AD117;48;
AD118;40;
AD119;40;
AD120;36;8
AD121;40;7
AD122;40;7
AD123;40;6
AD124;40;
AD125;40;
AD126;36;8
AD127;40;6
AD128;40;6
AD129;40;6
AD130;40;
AD131;40;
AD132;0;
AD133;47;
AD134;44;
AD135;45;1
AD136;39;
AD137;0;
AD138;0;
AD139;0;
AD140;48;
AD141;47;
AD142;40;
AD143;0;
AD144;0;2
AD145;0;
AD146;48;
AD147;40;
AD148;0;
AD149;0;
AD265;0;
AD266;0;
AD267;48;
AD268;48;
AD269;0;
AD270;0;
AD271;0;
AD272;0;
AD273;48;
AD274;48;
AD275;0;
AD276;0;
AD277;0;
AD278;0;
AD279;48;
AD280;48;
AD281;0;
AD282;0;
AD283;0;
AD284;0;
AD285;48;
AD286;48;
AD287;0;
AD288;0;
AD289;0;
AD290;0;
AD291;48;
AD292;48;
AD293;0;
AD294;0;
AD85;133;1
AD86;128;
AD87;68;
AD88;77;
AD89;134;
AD90;127;
AD91;69;1
AD92;78;8
AD93;52;
AD94;38;
AD95;35;
AD96;28;2
AD97;54;2
AD98;41;2
AD99;35;
AD100;27;1
AD101;26;2
AD102;28;3
AD103;13;1
AD104;13;3
AD105;51;4
AD106;51;6
AD107;54;4
AD108;54;5
AD109;37;3
AD110;37;3
AD111;37;3
AD112;37;3
AD113;37;3
AD303;8;
AD304;8;3
AD305;16;1
AD302;3;2
AD306;8;
AD295;8;1
AD296;6;1
AD297;0;
AD298;0;
AD299;0;
AD150;0;
AD151;25;5
AD152;25;6
AD153;25;4
AD154;0;
AD155;0;
AD156;0;
AD157;0;
AD191;35;5
AD192;35;5
AD193;35;5
AD194;35;4
AD300;30;
AD301;28;2
AD307;28;2
AD308;0;
AD309;0;
AD310;0;
AD311;6;
AD312;12;
AD313;12;
AD314;12;
AD315;11;1
AD316;10;1
AD317;5;
AD318;5;
AD319;5;
AD320;0;
AD321;0;
AD322;0;
AD323;0;
AD324;0;
AD325;6;
AD326;12;
AD327;12;
AD328;12;
AD329;12;
AD330;12;
AD331;5;
AD332;5;
AD333;5;
AD334;0;
AD335;0;
A4352;0;
A4353;1;
A4354;0;
A4355;0;
A4356;0;
A4357;0;
A4358;0;
A4359;0;
A4360;1;
A4361;1;
A4362;2;
A4363;0;
A4364;0;
A4365;2;
A4366;0;
A4367;0;
A4368;0;
A4369;0;
A4370;1;
A4371;1;
A4372;2;
A4373;1;
A4374;0;1
A4375;1;
A4376;0;
A4377;0;
A4378;1;
A4379;0;1
A4380;0;
A4381;0;
A4382;0;
A4383;0;
A4384;2;
A4385;0;
A4386;0;
A4387;0;
A4388;0;
A4389;1;
A4390;0;
A4391;0;
A4392;0;
A4393;1;
A4394;1;
A4395;0;
A4396;0;
A4397;1;
A4398;0;
A4399;0;
A4400;1;
A4401;0;
A4402;0;
A4403;0;
A4404;1;
A4405;1;
A4406;1;
A4407;0;
A4408;0;
A4409;0;
A4410;0;
A4411;1;
A4412;1;
A4413;1;
A4414;0;
A4415;0;
A4416;0;
A4417;2;
A4418;2;
A4419;2;
A4420;0;
A4421;0;
A4422;0;
A4423;2;
A4424;0;
A4425;1;
A4426;0;
A4427;0;
A4428;0;
A4429;0;
A4430;0;
A4431;0;
A4432;0;
A4433;0;
A4434;0;
A4435;1;
A4436;0;
A4437;1;
A4438;0;
A4439;0;
A4440;0;
A4441;0;
A4442;0;
A4443;0;
A4444;0;
A4445;0;
A4446;1;
A4447;0;
A4448;0;
A4449;0;
A4450;0;
A4451;0;
A4452;0;
A4453;0;
A4454;0;
A4455;0;
A4456;0;
A4457;0;
A4458;0;
A4459;0;
A4460;0;
A4461;0;1
A4462;0;
A4463;0;
A4464;0;
A4465;0;
A4466;0;
A4467;1;
A4468;1;
A4469;1;
A4470;1;
A4471;0;
A4472;1;
A4473;1;
A4474;0;
A4475;0;
A4476;1;
A4477;0;
A4478;1;
A4479;0;
A4480;0;
A4481;0;
A4482;0;
A4483;0;
A4484;0;
A4485;0;
A4486;0;
A4487;1;
A4488;0;
A4489;0;
A4490;0;
A4491;0;
A4492;0;
A4493;0;
A4494;1;
A4495;1;
A4496;0;
A4497;0;
A4498;0;
A4499;0;
A4500;1;
A4503;1;
A4507;0;
A4508;0;
A4549;0;
A4550;0;
A4551;0;
A4552;0;
A4553;0;
A4554;0;
A4555;0;
A4511;0;
A4512;1;
A4513;0;
A4514;0;
A4515;0;
A4516;0;
A4510;0;
A4509;0;
A4517;0;
A4518;0;
A4519;0;
A4520;0;
A4521;0;
A4522;0;
A4523;0;
A4524;0;
A4525;0;
A4526;0;
A4527;0;
A4528;0;
A4529;0;
A4530;0;
A4531;0;
A4532;0;
A4533;0;
A4534;0;
A4535;0;
A4536;0;
A4537;0;
A4538;0;
A4539;0;
A4540;0;
A4541;0;
A4542;0;
A4543;0;
A4544;0;
A4545;0;
A4546;0;
A4547;0;
A4548;0;
A0002;11;
A4629;0;
A4574;241;1
A4575;199;1
A4581;0;
A4585;18;
A4645;10;
A4646;9;
A4647;18;
A4648;7;
A4649;6;
A4640;1;
A4633;0;
A4634;0;
A4635;0;
A4636;0;
A4637;0;
A4638;0;
A4639;0;
A4641;0;
A4642;0;
A4643;0;
A4644;0;
A4621;0;
A4622;0;
A4623;0;
A4624;0;
A4625;0;
A4626;0;
A4627;0;
A4628;0;
A4630;0;
A4631;0;
A4632;0;
A4684;0;
A4685;4;
A4686;0;
A4687;7;
A4688;0;
A4689;10;
A4690;9;
A4691;10;
A4692;10;
A4693;9;
A4694;4;
A4695;0;
A4696;9;
A4697;5;
A4698;8;
A4699;10;
A4700;10;
A4701;10;
A4702;10;
A4703;0;
A4704;0;
A4705;6;
A4706;7;
A4707;4;
A4708;10;
A4709;0;
A4710;5;
A4711;5;
A4712;5;
A4713;5;
A4714;4;
A4715;4;
A4716;5;
A4717;5;
A4718;5;
A4719;5;
A4720;5;
A4721;5;
A4722;4;
A4723;5;
A4724;5;
A4725;4;
A4726;4;
A4727;5;
A4728;24;
A4729;25;
A4730;10;
A4731;9;
A4732;9;
A4733;9;
A4734;8;
A4735;8;
A4736;9;
A4650;99;
A4651;100;
A4652;188;4
A4653;282;1
A4654;177;3
A4655;88;
A4656;96;
A4601;1;
A4620;5;
A4612;0;
A4005;3;1
A4573;13;
A4584;25;
A4662;1;
A4739;0;
A4756;1;
A4770;4;
A4771;0;
A4772;4;
A4773;3;
A4774;0;
A4775;0;
A4776;1;
A4777;0;
A4778;3;
A4779;0;
A4780;10;
A4781;0;
A4782;17;
A4783;8;
A4784;5;
A4785;0;
A4786;4;
A4787;5;
A4788;0;
A4789;1;
A4790;4;
A4791;0;
A4792;0;
A4793;0;
A4794;2;
A4795;10;
A4796;3;
A4797;0;
A4798;9;
A4799;17;
A4800;19;
A4801;14;
A4802;10;
A4803;0;
A4804;4;
A4805;12;
A4806;9;
A4807;7;
A4808;5;
A4809;0;
A4810;20;
A4811;13;
A4812;15;
A4813;16;
A4814;10;
A4815;0;
A4816;4;
A4817;10;
A4818;7;
A4819;5;
A4820;4;
A4821;0;
A4822;0;
A4823;0;
A4824;0;
A4825;0;
A4826;3;
A4827;0;
A4738;0;
A4916;0;
A4917;0;
A4918;0;
A4919;0;
A4920;0;
A4913;1;
A4914;1;
A4915;1;
A4921;0;
AD360;58;1
AD361;58;1
AD362;58;1
AD363;48;2
AD364;47;2
AD365;48;2
AD351;58;1
AD352;58;1
AD353;58;2
AD354;48;2
AD355;48;2
AD356;48;2
AD416;30;1
AD417;30;1
AD418;30;2
AD419;30;2
AD420;30;2
AD421;30;2
AD423;30;1
AD424;30;1
AD425;30;2
AD426;30;2
AD427;30;
AD428;30;2
AD429;12;
AD430;14;1
AD405;10;2
AD406;10;2
AD407;8;2
AD409;12;
AD410;12;2
AD411;12;2
AD412;12;2
AD413;10;2
AD414;10;1
AD336;18;2
AD337;18;2
AD338;18;2
AD339;18;2
AD379;74;1
AD380;71;3
AD390;6;1
AD391;6;2
AD392;6;1
AD393;6;3
AD394;6;1
AD395;6;2
AD396;5;1
AD397;5;3
AD382;97;2
AD383;98;1
AD385;124;24
AD367;10;2
AD368;10;2
AD370;10;2
AD373;10;2
AD374;10;2
AD375;10;2
AD376;10;1
AD377;8;2
AD378;6;1
AD399;7;2
AD400;7;1
AD401;7;2
AD402;7;1
AD444;7;1
AD445;6;1
AD446;7;2
AD447;5;
AD448;5;
AD449;7;1
AD440;10;1
AD340;8;1
AD341;8;1
AD342;8;2
AD344;8;2
AD345;8;1
AD346;8;2
AD347;8;1
AD371;0;1
AD431;5;2
AD432;5;1
AD433;24;1
AD434;19;1
AD435;13;1
AD436;29;1
AD437;28;2
AD438;58;1
A4857;10;
A4858;7;
A4859;3;1
A4860;11;1
A5017;50;
A5018;50;
A5019;50;
A5020;50;
A5021;50;
A5022;50;
A5023;50;
A5024;50;
A5025;50;
A5026;50;
A5027;50;
A5028;0;
A5045;89;2
A5046;62;2
A5047;75;1
A5048;35;
A5049;47;
A5050;0;
A5051;0;
A5052;0;
A5053;0;
A5054;0;
A4910;19;1
A4911;19;1
A4556;20;
A4557;20;
A4558;20;
A4559;20;
A4560;20;
A4561;20;
A4562;20;
A4563;20;
A4564;20;
A4565;20;
A4566;20;
A5063;0;
A5064;0;
A5065;0;
A5066;0;
A5067;0;
A5068;0;
A5069;0;
A5070;0;
A5071;0;
A5072;0;
A5073;0;
A5074;0;
A5075;0;
A5076;0;
A5077;0;
A5078;0;
A5079;0;
A5080;0;
A5081;0;
A5082;0;
A5083;0;
A5084;0;
A5085;0;
A5086;0;
A5087;0;
A5088;0;
A5089;0;
A5090;0;
A5091;0;
A5092;0;
A5093;0;
A5094;0;
A5095;0;
A5096;0;
A5097;0;
A5098;0;
A5099;0;
A5100;29;1
A5101;0;
A5102;0;
A5103;29;1
A5104;28;1
A5105;30;
A5106;30;
A5107;0;
A5108;0;
A5109;25;
A5110;0;
A5111;24;1
A5112;0;
A5113;0;
A5114;0;
A5115;28;
A5116;29;1
A5117;0;
A5118;29;1
A5119;29;1
A5120;24;
A5121;25;
A5122;0;
A5123;0;
A5124;0;
A5125;0;
A5126;0;
A5127;0;
A5128;0;
A5129;0;
A5130;0;
A5131;0;
A5132;0;
A5133;0;
A5134;19;
A5135;18;2
A5136;18;1
A5137;0;
A5138;19;1
A5139;20;
A5140;19;1
A5141;0;
A5142;0;
A5143;0;
A5144;0;
A5145;0;
A5146;0;
A5147;0;
A5148;0;
A5149;0;
A5150;0;
A5151;0;
A5152;0;
A5153;0;
A5154;0;
A5155;0;
A5156;0;
A5157;0;
A5158;5;
A5159;3;
A5160;6;
A5161;8;
A5162;9;
A5163;18;
A5164;16;1
A5165;14;1
A5166;17;
A5167;18;
A5168;17;
A5169;15;1
A5170;14;1
A5171;18;
A5172;14;2
A5029;0;
A5030;0;
A5031;0;
A5032;0;
A4567;100;
A4568;100;
A4569;100;
A4570;100;
A4571;50;
A4572;50;
A5055;0;
A5056;0;
A5057;0;
A5058;0;
A5059;0;
A3996;0;
A3997;0;
A3998;0;
A4000;0;
A4001;0;
A4002;0;
A4839;193;4
A4840;193;1
A4740;0;
A4741;0;
A5179;194;2
A4943;0;
A4944;0;
A4945;0;
A4946;0;
A4947;0;
A5180;2;
A5181;5;
A5182;2;
A5183;0;
A5184;5;
A5185;1;
A5186;3;
A5187;2;1
A5188;5;
A5173;0;
A5174;0;
A4941;28;2
A4942;5;
A4737;0;
A5175;0;
A5176;0;
A5177;0;
A5178;0;
A4837;4;
A4937;9;1
A4938;9;
A4939;8;
A4940;9;
A4576;0;
A4577;0;
A4578;0;
A4579;0;
A4580;0;
A4582;0;
A4583;0;
A4586;0;
A4587;0;
A4588;0;
A4589;0;
A4590;0;
A4591;0;
A4592;0;
A4593;0;
A4594;0;
A4595;0;
A4596;0;
A4597;0;
A4598;0;
A4599;0;
A4600;0;
A4602;0;
A4603;0;
A4604;0;
A4605;0;
A4606;0;
A4607;0;
A4608;0;
A4609;0;
A4610;0;
A4611;0;
A5033;44;3
A5034;186;3
A5035;170;2
A5036;197;2
A5037;210;2
A5038;174;
A5039;169;3
A5040;182;3
A5041;193;
A5042;44;
A5043;49;
A5044;50;
A5005;0;
A5006;0;
A5007;0;
A5008;0;
A5009;1;
A5010;0;
A5011;0;1
A5012;0;
A5013;0;
A5014;0;
A5015;0;
A5016;0;
A4861;0;
A4862;0;
A4863;0;
A4864;2;
A4865;2;
A4866;2;
A4867;2;
A4868;2;
A4869;2;
A4870;0;
A4871;0;
A4872;2;
A4873;2;
A4874;2;
A4875;2;
A4876;2;
A4877;27;
A4878;2;
A4879;2;
A4880;0;
A4881;0;
A4882;0;
A4883;0;
A4884;2;
A4885;2;
A4886;2;
A4887;2;
A4888;2;
A4889;2;
A4890;2;
A4891;0;
A4892;0;
A4893;0;
A4894;2;
A4895;2;
A4896;2;
A4897;2;
A4898;0;
A4899;0;
A4900;0;
A4901;0;
A4902;0;
A4903;2;
A4904;2;
A4905;1;
A4906;2;
A4907;2;
A4908;2;
A4909;2;
A4925;0;
A4926;0;
A4927;0;
A4928;0;
A4929;0;
A4930;0;
A4931;0;
A4932;0;
A4933;0;
A4934;0;
A4935;0;
A4936;0;
A5225;0;
A5226;0;
A5227;0;
A5228;0;
A5229;0;
A5230;0;
A5231;0;
A5232;0;
A5233;0;
A5234;0;
A5235;0;
A5236;0;
A5237;0;
A5238;0;
A5239;0;
A5240;0;
A5241;0;
A5242;0;
A5243;0;
A5244;0;
A5245;0;
A5246;0;
A5247;0;
A5248;0;
A5249;0;
A5250;0;
A5251;0;
A5252;0;
A5253;0;
A5254;0;
A5255;0;
A5256;0;
A5257;0;
A5258;0;
A5259;0;
A5260;0;
A5261;0;
A5262;0;
A5263;0;
A5264;0;
A5265;0;
A5266;0;
A5267;0;
A5268;0;
A5269;0;
A5270;0;
A5271;0;
A5272;0;
A4750;0;
A4751;0;
A4752;0;
A4753;0;
A4754;0;
A4755;0;
A4757;0;
A4758;0;
A4759;0;
A4760;0;
A4761;0;
A4762;0;
A4763;0;
A4764;0;
A4765;0;
A4766;1;
A4767;0;
A4768;0;
A4769;0;
A5189;0;
A5190;0;
A5191;0;
A5192;0;
A5193;0;
A5194;0;
A5195;0;
A5196;0;
A5197;0;
A5198;0;
A5199;0;
A5200;0;
A5201;0;
A5202;0;
A5203;0;
A5204;0;
A5205;0;
A5206;0;
A5207;0;
A5208;0;
A5209;0;
A5210;0;
A5211;0;
A5212;0;
A5213;0;
A5214;0;
A5215;0;
A5216;0;
A5217;0;
A5218;0;
A5219;0;
A5220;0;
A5221;0;
A5222;0;
A5223;0;
A5224;0;
A4657;0;
A4658;0;
A4659;0;
A4660;0;
A4661;0;
A4663;0;
A4664;0;
A4665;0;
A4666;0;
A4667;0;
A4668;0;
A4669;0;
A4670;0;
A4671;0;1
A4742;0;
A4743;0;
A4672;0;1
A4674;0;1
A4675;0;3
A4745;0;
A4746;0;
A4747;0;
A4673;0;
A4749;0;
A4676;0;
A4677;0;
A4678;0;1
A4748;0;
A4680;0;
A4682;0;
A4683;0;1
A5060;49;
A5061;0;
A5062;0;
A4846;21;
A4848;14;2
A4849;25;
A4847;0;
A4829;92;
A4830;40;1
A4835;292;
A4852;193;2
A4836;287;
A4850;19;
A4833;0;
A4834;0;
A4854;50;
A4855;48;1
A4856;47;1
A3972;0;
A4851;93;
A4078;0;
A4079;0;
A4080;0;
A4081;0;
A4082;0;
A4841;39;
A4842;31;
A4828;19;2
A4831;19;1
A4843;19;
A4844;21;
A4845;23;1
A4832;41;
A4853;10;
A5317;4;
A5280;15;
A5281;15;
A5282;0;
A5292;0;
A5305;0;
A5318;3;
A5319;2;
A5273;5;
A0006;0;
A0007;0;
A0005;0;
A5320;3;
A5311;11;
A5312;12;
A5313;12;
A5308;9;
A5309;9;
A5322;0;
A5323;100;
A5324;100;
A5325;0;
A5326;0;
A5327;0;
A5328;0;
A5329;0;
A5330;0;
A5331;0;
A5332;0;
A5333;0;
A5334;0;
A5335;0;
A5336;0;
A5337;0;
A5338;0;
A5339;0;
A5340;0;
A5341;0;
A5342;0;
A5343;0;
A5344;0;
A5345;0;
A5346;0;
A5347;0;
A5348;0;
A5349;0;
A5350;0;
A5351;0;
A5352;0;
A5353;0;
A5354;0;
A5355;0;
A5356;0;
A5357;0;
A5358;0;
A5359;0;
A5360;0;
A5361;0;
A5362;0;
A5363;0;
A5364;3;
A5365;0;
A5366;0;
A5367;0;
A5368;0;
A5369;2;
A5370;0;
A5371;0;
A5372;0;
A5373;0;
A5374;0;
A5375;0;
A5376;4;
A5377;4;
A5378;0;
A5379;0;
A5380;2;
A5381;2;
A5382;0;
A5383;2;
A5384;2;
A5385;0;
A5386;0;
A5387;2;
A5388;2;
A5389;0;
A5390;2;
A5391;0;
A5392;0;
A5393;2;
A5394;2;
A5395;2;
A5396;2;
A5397;9;
A5398;10;
A5399;0;
A5400;2;
A5401;0;
A5402;0;
A5403;0;
A5404;0;
A5405;0;
A5406;0;
A5407;0;
A5408;0;
A5409;0;
A5410;0;
A5411;0;
A5412;0;
A5413;0;
A5414;0;
A5415;0;
A5416;0;
A5417;0;
A5418;0;
A5419;0;
A5420;0;
A5421;0;
A5422;0;
A5423;0;
A5424;0;
A5425;0;
A5426;0;
A5427;0;
A5428;0;
A5429;0;
A5430;0;
A5431;0;
A5432;0;
A5433;0;
A5434;0;
A5435;0;
A5436;0;
A5437;0;
A5438;0;
A5439;0;
A5440;0;
A5441;0;
A5442;0;
A5443;0;
A5444;0;
A5445;0;
A5446;0;
A5447;0;
A5448;0;
A5449;0;
A5450;0;
A5451;0;
A5452;0;
A5453;0;
A5454;0;
A5455;0;
A5456;0;
A5457;0;
A5458;0;
A5459;0;
A5460;0;
A5461;0;
A5462;0;
A5463;0;
A5464;0;
A5465;0;
A5466;0;
A5467;0;
A5468;0;
A5469;0;
A5470;0;
A5471;0;
A5472;0;
A5473;0;
A5474;0;
A5475;0;
A5476;0;
A5477;0;
A5478;0;
A5479;0;
A5480;0;
A5481;0;
A5482;0;
A5483;0;
A5484;0;
A5485;0;
A5486;0;
A5487;0;
A5488;0;
A5489;0;
A5490;0;
A5491;0;
A5492;0;
A5493;0;
A5494;0;
A5495;0;
A5496;0;
A5497;0;
A5498;0;
A5499;0;
A5500;0;
A5501;0;
A5502;0;
A5503;0;
A5504;0;
A5505;0;
A5506;0;
A5507;0;
A5508;0;
A5509;0;
A5510;0;
A5511;0;
A5512;0;
A5513;0;
A5514;0;
A5515;0;
A5516;0;
A5517;0;
A5518;0;
A5519;0;
A5520;0;
A5521;0;
A5522;0;
A5523;0;
A5524;0;
A5525;0;
A5526;0;
A5527;0;
A5528;0;
A5529;0;
A5530;0;
A5531;0;
A5532;0;
A5533;0;
A5534;0;
A5535;0;
A5536;0;
A5537;0;
A5538;0;
A5539;0;
A5540;0;
A5541;0;
A5542;0;
A5543;0;
A5544;0;
A5545;0;
A5546;0;
A5547;0;
A5548;0;
A5549;0;
A5550;0;
A5551;0;
A5552;0;
A5553;0;
A5554;0;
A5555;0;
A5556;0;
A5557;0;
A5558;0;
A5559;0;
A5560;0;
A5561;0;
A5562;0;
A5563;0;
A5564;0;
A5565;0;
A5566;0;
A5567;0;
A5568;0;
A5569;0;
A5570;0;
A5571;0;
A5572;0;
A5573;0;
A5574;0;
A5575;0;
A5576;0;
A5577;0;
A5578;0;
A5579;0;
A5580;0;
A5581;0;
A5582;0;
A5583;0;
A5584;0;
A5585;0;
A5586;0;
A5587;0;
A5588;0;
A5589;0;
A5590;0;
A5591;0;
A5592;0;
A5593;0;
A5594;0;
A5595;0;
A5596;0;
A5597;0;
A5598;0;
A5599;0;
A5600;0;
A5601;0;
A5602;0;
A5603;0;
A5604;0;
A5605;0;
A5606;0;
A5607;0;
A5608;0;
A5609;0;
A5610;0;
A5611;0;
A5612;0;
A5613;0;
A5614;0;
A5615;0;
A5616;0;
A5617;0;
A5618;0;
A5619;0;
A5620;0;
A5621;0;
A5622;0;
A5623;0;
A5624;0;
A5625;0;
A5626;0;
A5627;0;
A5628;0;
A5629;0;
A5630;0;
A5631;0;
A5632;0;
A5633;0;
A5634;0;
A5635;0;
A5639;0;
A5640;0;
A5641;0;
A5642;0;
A5643;0;
A5644;0;
A5645;0;
A5646;0;
A5647;0;
A5649;0;
A5650;0;
A5651;0;
A5652;0;
A5653;0;
A5654;0;
A5655;0;
A5656;0;
A5657;0;
A5658;0;
A5659;0;
A5660;0;
A5662;0;
A5663;0;
A5666;0;
A5670;0;
A5671;0;
A5672;0;
A5676;0;
A5677;0;
A5636;0;
A5637;0;
A5638;0;
A5648;0;
A5661;0;
A5664;0;
A5665;0;
A5667;0;
A5668;0;
A5669;0;
A5673;0;
A5674;0;
A5675;0;
A5678;0;
A5679;0;
A5680;0;
A5681;0;
A5682;0;
A5683;0;
A5684;0;
A5685;0;
A5686;0;
A5687;0;
A5688;0;
A5689;0;
A5690;0;
A5691;0;
A5692;0;
A5693;0;
A5694;0;
A5695;0;
A5696;0;
A5697;0;
A5698;0;
A5699;0;
A5700;0;
A5701;0;
A5702;0;
A5703;0;
A5704;0;
A5705;0;
A5706;0;
A5707;0;
A5708;0;
A5709;0;
A5710;0;
A5711;0;
A5712;0;
A5713;0;
A5714;0;
A5715;0;
A5716;0;
A5717;0;
A5718;0;
A5719;0;
A5720;0;
A5721;0;
A5722;0;
A5723;0;
A5724;0;
A5725;0;
A5726;0;
A5727;10;
A5728;11;
A5729;9;
A5730;20;
A5731;20;
A5732;20;
A5733;5;
A5734;5;
A5735;5;
A5736;5;
A5737;5;