BD0001;10000
A0968;0
A0969;0
A0970;0
A0971;0
A10;30
A100;0
A1000;4
A1001;8
A1002;6
A1003;122
A1004;47
A1005;27
A1006;0
A1007;0
A1008;0
A1009;0
A1010;0
A1011;3
A1012;0
A1013;59
A1014;0
A1015;0
A1016;1
A1017;0
A1018;0
A1019;0
A102;1
A1020;0
A1021;0
A1022;1
A1023;13
A1024;20
A1025;0
A1026;12
A1027;14
A1028;14
A1029;18
A103;33
A1030;18
A1031;0
A1032;7
A1033;0
A1034;0
A1035;0
A1036;0
A1037;1
A1038;1
A1039;1
A104;14
A1040;0
A1041;0
A1042;2
A1043;1
A1044;2
A1045;4
A1046;2
A1047;4
A1048;5
A1049;9
A105;0
A1050;5
A1051;5
A1052;5
A1053;5
A1054;5
A1055;5
A1056;5
A1057;5
A1058;9
A1059;3
A106;6
A1060;5
A1061;4
A1062;10
A1063;8
A1064;5
A1065;5
A1066;5
A1068;4
A107;6
A1071;4
A1072;4
A1074;3
A1075;0
A1076;2
A1077;1
A1078;5
A1079;3
A108;2
A1080;6
A1081;5
A1083;4
A1084;5
A1085;3
A1086;5
A1087;5
A1088;2
A1089;2
A109;35
A1090;5
A1091;3
A1092;4
A1093;4
A1094;5
A1095;2
A1096;5
A1097;3
A1098;3
A1099;3
A11;17
A110;44
A1100;5
A1101;3
A1102;3
A1103;1
A1104;6
A1105;4
A1106;1
A1107;4
A1108;3
A1109;1
A111;9
A1110;5
A1111;3
A1112;3
A1113;29
A1114;33
A1115;33
A1116;32
A1117;32
A1118;30
A1119;273
A112;27
A1120;3
A1121;0
A1122;3
A1123;6
A1124;0
A1125;1
A1126;1
A1127;4
A1128;7
A1129;14
A113;6
A1130;6
A1131;22
A1132;9
A1133;0
A1134;2
A1135;28
A1136;174
A1137;163
A1138;5
A1139;11
A114;5
A1140;11
A1141;15
A1142;0
A1143;0
A1144;77
A1145;23
A1146;0
A1147;0
A1148;20
A1149;16
A115;3
A1150;5
A1151;28
A1152;0
A1153;14
A1154;5
A1155;13
A1156;9
A1157;9
A1158;9
A1159;1
A116;72
A1160;1
A1161;16
A1162;39
A1163;2
A1164;1
A1165;9
A1166;39
A1167;10
A1168;7
A1169;7
A117;1
A1170;0
A1171;42
A1172;44
A1173;40
A1174;36
A1175;5
A1176;159
A1177;0
A1178;0
A1179;0
A118;26
A1180;0
A1181;0
A1182;1
A1183;0
A1184;0
A1185;0
A1186;0
A1187;0
A1188;0
A1189;0
A119;1696
A1190;0
A1191;0
A1192;0
A1193;87
A1194;9
A1195;9
A1196;9
A1197;10
A1198;10
A1199;8
A12;10
A120;4
A1200;9
A1201;10
A1202;10
A1203;2
A1204;2
A1205;2
A1206;22
A1207;0
A1208;2
A1209;0
A121;1680
A1210;1
A1211;8
A1212;35
A1213;2
A1214;0
A1215;1
A1216;3
A1217;0
A1218;0
A1219;0
A122;467
A1220;14
A1221;7
A1222;16
A1223;13
A1224;16
A1225;13
A1226;0
A1227;1
A1228;0
A1229;0
A123;208
A1230;0
A1231;0
A1232;3
A1233;0
A1234;8
A1235;29
A1236;0
A1237;5
A1238;8
A1239;5
A124;685
A1240;10
A1241;9
A1242;10
A1243;7
A1244;6
A1245;7
A1246;9
A1247;10
A1248;5
A1249;8
A125;422
A1250;0
A1251;0
A1252;0
A1253;0
A1254;87
A1255;0
A1256;0
A1257;4
A1258;6
A1259;1
A126;10
A1260;6
A1261;17
A1262;8
A1263;8
A1264;3
A1265;0
A1266;3
A1267;15
A1268;35
A1269;10
A127;0
A1270;0
A1271;17
A1272;18
A1273;24
A1274;29
A1275;1
A1276;0
A1277;14
A1278;18
A1279;21
A128;121
A1280;1
A1281;2
A1282;0
A1283;1
A1284;17
A1285;17
A1286;14
A1287;9
A1288;25
A1289;31
A129;7
A1290;49
A1291;29
A1292;12
A1293;27
A1294;34
A1295;26
A1296;25
A1297;10
A1298;24
A1299;33
A13;15
A130;6
A1300;30
A1301;30
A1302;13
A1303;11
A1304;13
A1305;12
A1306;13
A1307;15
A1308;11
A1309;0
A131;174
A1310;2
A1311;11
A1312;11
A1313;9
A1314;3
A1315;17
A1316;21
A1317;13
A1318;17
A1319;6
A132;140
A1320;6
A1321;2
A1322;13
A1323;13
A1324;15
A1325;9
A1326;18
A1327;23
A1328;0
A1329;13
A133;31
A1330;5
A1331;4
A1332;4
A1333;38
A1334;0
A1335;0
A1336;0
A1337;1
A1338;0
A1339;0
A134;34
A1340;0
A1341;0
A1342;0
A1343;1
A1344;0
A1345;0
A1346;0
A1347;0
A1348;0
A1349;0
A135;17
A1350;0
A1351;0
A1352;0
A1353;0
A1354;0
A1355;0
A1356;0
A1357;0
A1358;0
A1359;0
A1360;0
A1361;0
A1362;0
A1363;0
A1364;0
A1365;0
A1366;0
A1367;0
A1368;0
A1369;0
A137;42
A1370;5
A1371;18
A1372;24
A1373;15
A1374;2
A1375;0
A1376;0
A1377;0
A1378;0
A1379;0
A138;33
A1380;0
A1381;0
A1382;0
A1383;0
A1384;0
A1385;0
A1386;0
A1387;12
A1388;16
A1389;20
A139;17
A1390;5
A1391;0
A1392;17
A1393;14
A1394;0
A1395;0
A1396;5
A1397;18
A1398;14
A1399;0
A14;10
A140;25
A1400;0
A1401;18
A1402;0
A1403;7
A1404;22
A1405;3
A1406;0
A1407;0
A1408;0
A1409;45
A141;42
A1410;21
A1411;17
A1412;1
A1413;0
A1414;26
A1415;19
A1416;11
A1417;25
A1418;0
A1419;0
A142;23
A1420;29
A1421;2
A1422;14
A1423;1
A1424;5
A1425;10
A1426;9
A1427;5
A1428;0
A1429;5
A143;19
A1430;0
A1431;0
A1432;0
A1433;0
A1434;4
A1435;0
A1436;0
A1437;18
A1438;13
A1439;11
A144;26
A1440;0
A1441;0
A1442;8
A1443;7
A1444;2
A1445;4
A1446;9
A1447;0
A1448;9
A1449;1
A145;33
A1450;0
A1451;2
A1452;8
A1453;0
A1454;20
A1455;19
A1456;18
A1457;15
A1458;21
A1459;29
A146;24
A1460;11
A1461;1
A1462;13
A1463;7
A1464;8
A1465;26
A1466;24
A1467;24
A1468;8
A1469;0
A147;708
A1470;0
A1471;3
A1472;0
A1473;0
A1474;14
A1475;19
A1476;29
A1477;25
A1478;83
A1479;1
A1480;63
A1481;14
A1482;0
A1483;57
A1484;35
A1485;24
A1486;62
A1487;45
A1488;22
A1489;27
A1490;49
A1491;48
A1492;42
A1493;52
A1494;147
A1495;74
A1496;42
A1497;38
A1498;21
A1499;23
A15;0
A150;40
A1500;28
A1501;49
A1502;42
A1503;22
A1504;47
A1505;16
A1506;2
A1507;20
A1508;23
A1509;19
A151;217
A1510;17
A1511;0
A1512;23
A1513;63
A1514;0
A1515;1
A1516;0
A1517;0
A1518;1
A1519;0
A1520;1
A1521;4
A1522;50
A1523;296
A1524;320
A1525;18
A1526;33
A1527;65
A1528;23
A1529;63
A1530;173
A1531;189
A1532;46
A1533;41
A1534;79
A1535;167
A1536;217
A1537;0
A1538;34
A1539;40
A154;348
A1540;65
A1541;138
A1542;34
A1543;25
A1544;54
A1545;37
A1546;63
A1547;21
A1548;123
A1549;32
A1550;30
A1551;54
A1552;33
A1553;42
A1554;71
A1555;76
A1556;20
A1557;16
A1558;1
A1559;0
A156;0
A1560;113
A1561;0
A1562;0
A1563;49
A1564;50
A1565;49
A1566;49
A1567;50
A1568;32
A1569;31
A157;34
A1570;55
A1571;45
A1572;57
A1573;49
A1574;56
A1575;62
A1576;60
A1577;67
A1578;57
A1579;39
A158;0
A1580;47
A1581;52
A1582;96
A1583;54
A1584;55
A1585;45
A1586;117
A1587;113
A1588;127
A1589;45
A159;573
A1590;8
A1591;0
A1592;4
A1593;0
A1594;24
A1595;49
A1596;49
A1597;48
A1598;44
A1599;0
A16;0
A160;22
A1600;0
A1601;0
A1602;22
A1603;12
A1604;7
A1605;21
A1606;19
A1607;22
A1608;11
A1609;13
A161;0
A1610;14
A1611;23
A1612;21
A1613;21
A1614;13
A1615;14
A1616;11
A1617;21
A1618;20
A1619;24
A162;6
A1620;14
A1621;14
A1622;12
A1623;26
A1624;23
A1625;25
A1626;15
A1627;1788
A1628;3062
A1629;1848
A163;14
A1630;3312
A1631;2738
A1632;1899
A1633;1872
A1634;3504
A1635;1882
A1636;3502
A1637;3116
A1638;96
A1639;112
A164;37
A1640;125
A1641;107
A1642;93
A1643;103
A1644;105
A1645;108
A1646;108
A1647;91
A1648;72
A1649;99
A165;132
A1650;98
A1651;104
A1652;89
A1653;94
A1654;88
A1655;106
A1656;106
A1657;6
A1658;12
A1659;5
A1660;0
A1661;0
A1662;2
A1663;4
A1664;5
A1665;0
A1666;0
A1667;7
A1668;0
A1669;1
A167;81
A1670;0
A1671;0
A1672;0
A1673;0
A1674;2
A1675;0
A1676;67
A1677;153
A1678;152
A1679;130
A1680;0
A1681;0
A1682;0
A1683;0
A1684;0
A1685;0
A1686;0
A1687;0
A1688;0
A1689;57
A169;248
A1690;4
A1691;49
A1692;75
A1693;104
A1694;74
A1695;77
A1696;40
A1697;14
A1698;81
A1699;62
A17;0
A1700;55
A1701;35
A1702;10
A1703;125
A1704;4
A1705;16
A1706;18
A1707;0
A1708;16
A1709;8
A171;38
A1710;1
A1711;17
A1712;0
A1713;0
A1714;5
A1715;4
A1716;0
A1717;0
A1718;0
A1719;0
A1720;0
A1721;2
A1722;4
A1723;1
A1724;0
A1725;0
A1726;23
A1727;0
A1728;1
A1729;0
A173;96
A1730;0
A1731;0
A1732;0
A1733;0
A1734;0
A1735;0
A1736;10
A1737;10
A1738;36
A1739;35
A174;75
A1740;81
A1741;46
A1742;8
A1743;10
A1744;4
A1745;0
A1746;16
A1747;1
A1748;15
A1749;0
A175;2
A1750;0
A1751;1
A1752;0
A1753;0
A1754;3
A1755;0
A1756;0
A1757;21
A1758;8
A1759;0
A176;8
A1760;1
A1761;0
A1762;0
A1763;0
A1764;0
A1765;0
A1766;0
A1767;1
A1768;0
A1769;2
A177;18
A1770;187
A1771;181
A1772;205
A1773;231
A1774;0
A1775;0
A1776;0
A1777;32
A1778;100
A1779;172
A178;33
A1780;263
A1781;361
A1782;8
A1783;2
A1784;54
A1785;156
A1786;99
A1787;46
A1788;70
A1789;947
A179;52
A1790;1072
A1791;45
A1792;240
A1793;176
A1794;363
A1795;511
A1796;658
A1797;0
A1798;410
A1799;189
A18;8
A180;62
A1800;183
A1801;110
A1802;382
A1803;0
A1804;101
A1805;92
A1806;74
A1807;136
A1808;105
A1809;86
A181;40
A1810;41
A1811;54
A1812;124
A1813;75
A1814;67
A1815;0
A1816;0
A1817;6
A1818;13
A1819;2
A1820;0
A1821;6
A1822;0
A1823;10
A1824;5
A1825;1
A1826;15
A1827;6
A1828;0
A1829;0
A183;18
A1830;0
A1831;19
A1832;9
A1833;29
A1834;29
A1835;27
A1836;30
A1837;2
A1838;24
A1839;0
A1840;23
A1841;45
A1842;14
A1843;15
A1844;14
A1845;17
A1846;9
A1847;16
A1848;5
A1849;13
A185;27
A1850;10
A1851;23
A1852;58
A1853;141
A1854;148
A1855;150
A1856;59
A1857;9
A1858;1
A1859;3
A1860;19
A1861;9
A1862;10
A1863;19
A1864;75
A1865;57
A1866;92
A1867;19
A1868;69
A1869;51
A187;26
A1870;67
A1871;99
A1872;150
A1873;174
A1874;22
A1875;44
A1876;152
A1877;5
A1878;171
A1879;44
A1880;42
A1881;23
A1882;22
A1883;22
A1884;25
A1885;33
A1886;28
A1887;0
A1888;30
A1889;0
A189;18
A1890;14
A1891;0
A1892;0
A1893;83
A1894;124
A1895;162
A1896;180
A1897;163
A1898;198
A1899;5
A19;14
A190;7
A1900;5
A1901;12
A1902;19
A1903;4
A1904;3
A1905;9
A1906;2
A1907;20
A1908;0
A1909;97
A191;45
A1910;114
A1911;30
A1912;30
A1913;0
A1914;0
A1915;10
A1916;16
A1917;70
A1918;71
A1919;15
A192;1
A1920;56
A1921;25
A1922;59
A1923;62
A1924;49
A1925;55
A1926;0
A1927;0
A1928;50
A1929;63
A193;9
A1930;22
A1931;0
A1932;0
A1933;24
A1934;50
A1935;8
A1936;14
A1937;46
A1938;23
A1939;16
A194;22
A1940;171
A1941;200
A1942;23
A1943;84
A1944;167
A1945;116
A1946;0
A1947;2
A1948;62
A1949;208
A195;38
A1950;0
A1951;118
A1952;2
A1953;27
A1954;0
A1955;2
A1956;31
A1957;67
A1958;48
A1959;89
A196;47
A1960;92
A1961;92
A1962;47
A1963;316
A1964;197
A1965;147
A1966;206
A1967;128
A1968;138
A1969;151
A197;32
A1970;109
A1971;151
A1972;63
A1973;27
A1974;16
A1975;29
A1976;19
A1977;31
A1978;34
A1979;14
A1980;31
A1981;50
A1982;23
A1983;10
A1984;11
A1985;0
A1986;44
A1987;37
A1988;61
A1989;99
A199;27
A1990;16
A1991;0
A1992;0
A1993;0
A1994;0
A1995;10
A1996;0
A1997;0
A1998;3
A1999;1
A20;74
A2000;28
A2001;0
A2002;2
A2003;0
A2004;0
A2005;1
A2006;0
A2007;0
A2008;0
A2009;282
A201;22
A2010;258
A2011;169
A2012;302
A2013;146
A2014;173
A2015;357
A2016;240
A2017;633
A2018;367
A2019;463
A2020;671
A2021;200
A2022;323
A2023;206
A2024;337
A2025;182
A2026;224
A2027;406
A2028;397
A2029;544
A203;16
A2030;387
A2031;281
A2032;242
A2033;181
A2034;0
A2035;0
A2036;0
A2037;0
A2038;0
A2039;0
A2040;190
A2041;248
A2042;239
A2043;235
A2044;244
A2045;201
A2046;241
A2047;0
A2048;7
A2049;0
A205;20
A2050;9
A2051;0
A2052;0
A2053;239
A2054;243
A2055;217
A2056;222
A2057;177
A2058;220
A2059;849
A206;75
A2060;493
A2061;488
A2062;488
AN2063;1
A2063;30
AN2064;1
A2064;31
AN2065;1
A2065;12
AN2066;1
A2066;8
AN2067;1
A2067;3
AN2068;1
A2068;40
AN2069;1
A2069;6
A207;16
AN2070;1
A2070;2
AN2071;1
A2071;3
AN2072;1
A2072;2
AN2073;1
A2073;1
AN2074;1
A2074;12
AN2075;0
A2075;0
AN2076;0
A2076;0
AN2077;0
A2077;1
AN2078;1
A2078;7
AN2079;1
A2079;10
A208;0
AN2080;1
A2080;18
AN2081;1
A2081;15
AN2082;1
A2082;16
AN2083;1
A2083;26
AN2084;1
A2084;8
AN2085;1
A2085;9
AN2086;1
A2086;17
AN2087;1
A2087;9
AN2088;1
A2088;6
AN2089;1
A2089;19
A209;23
AN2090;1
A2090;2
AN2091;1
A2091;2
AN2092;1
A2092;4
AN2093;1
A2093;13
AN2094;1
A2094;8
AN2095;1
A2095;1
AN2096;1
A2096;6
AN2097;1
A2097;8
AN2098;0
A2098;0
AN2099;1
A2099;16
A21;0
A210;88
AN2100;1
A2100;4
AN2101;1
A2101;10
A2102;57
A2103;6
A2104;21
A2105;21
A2106;3
A2107;23
A2108;0
A2109;1
A211;75
A2110;0
A2111;0
A2112;0
A2113;59
A2114;0
A2115;7
A2116;25
A2117;4
A2118;3
A2119;0
A212;83
A2120;0
A2121;0
A2122;1
A2123;48
A2124;152
A2125;139
A2126;32
A2127;0
A2128;2
A2129;22
A2130;16
A2131;8
A2132;0
A2133;25
A2134;75
A2135;78
A2136;74
A2137;156
A2138;189
A2139;37
A214;133
A2140;8
A2141;8
A2142;15
A2143;20
A2144;42
A2145;48
A2146;62
A2147;68
A2148;96
A2149;51
A2150;64
A2151;56
A2152;19
A2153;11
A2154;0
A2155;0
A2156;2
A2157;2
A2158;8
A2159;2
A216;79
A2160;10
A2161;2
A2162;2
A2163;0
A2164;1
A2165;1
A2166;1
A2167;5
A2168;2
A2169;8
A2170;3
A2171;3
A2172;0
A2173;1
A2174;1
A2175;0
A2176;0
A2177;0
A2178;0
A2179;2
A218;11
A2180;3
A2181;0
A2182;1
A2183;0
A2184;0
A2185;0
A2186;0
A2187;0
A2188;0
A2189;3
A2190;169
A2191;227
A2192;263
A2193;393
A2194;187
A2195;161
A2196;124
A2197;89
A2198;106
A2199;33
A22;0
A220;8
A2200;27
A2201;34
A2202;0
A2203;6
A2204;1
A2205;3
A2206;321
A2207;256
A2208;481
A2209;195
A221;8
A2210;192
A2211;203
A2212;7
A2213;11
A2214;305
A2215;107
A2216;209
A2217;321
A2218;287
A2219;227
A222;4
A2220;34
A2221;34
A2222;68
A2223;133
A2224;141
A2225;60
A2226;88
A2227;220
A2228;25
A2229;27
A223;6
A2230;15
A2231;47
A2232;126
A2233;123
A2234;71
A2235;48
A2236;26
A2237;43
A2238;96
A2239;240
A224;5
A2240;129
A2241;143
A2242;102
A2243;101
A2244;13
A2245;7
A2246;2
A2247;4
A2248;1
A2249;0
A225;9
A2250;37
A2251;70
A2252;2
A2253;5
A2254;34
A2255;191
A2256;38
A2257;90
A2258;24
A2259;52
A226;5
A2260;29
A2261;42
A2262;9
A2263;34
A2264;2
A2265;85
A2266;0
A2267;21
A2268;15
A2269;9
A227;20
A2270;4
A2271;0
A2272;4
A2273;0
A2274;0
A2275;7
A2276;4
A2277;0
A2278;1
A2279;10
A2280;17
A2281;10
A2282;18
A2283;13
A2284;12
A2285;3
A2286;7
A2287;4
A2288;19
A2289;24
A229;7
A2290;21
A2291;13
A2292;12
A2293;4
A2294;15
A2295;13
A2296;11
A2297;10
A2298;14
A2299;15
A23;53
A2300;15
A2301;9
A2302;12
A2303;112
A2304;11
A2305;5
A2306;20
A2307;15
A2308;14
A2309;10
A231;14
A2310;10
A2311;16
A2312;17
A2313;17
A2314;18
A2315;12
A2316;13
A2317;0
A2318;1
A2319;0
A2320;5
A2321;0
A2322;0
A2323;1
A2324;0
A2325;14
A2326;14
A2327;6
A2328;8
A2329;20
A233;12
A2330;8
A2331;10
A2332;8
A2333;13
A2334;24
A2335;37
A2336;13
A2337;22
A2338;51
A2339;40
A2340;42
A2341;117
A2342;9
A2343;405
A2344;110
A2345;96
A2346;25
A2347;15
A2348;25
A2349;15
A235;28
A2350;111
A2351;446
A2352;102
A2353;121
A2354;15
A2355;12
A2356;15
A2357;18
A2358;34
A2359;7
A236;0
A2360;3
A2361;63
A2362;32
A2363;25
A2364;24
A2365;14
A2366;35
A2367;7
A2368;55
A2369;81
A237;2
A2370;24
A2371;26
A2372;15
A2373;12
A2374;26
A2375;14
A2376;19
A2377;69
A2378;14
A2379;12
A238;0
A2380;0
A2381;14
A2382;44
A2383;44
A2384;10
A2385;44
A2386;19
A2387;15
A2388;15
A2389;27
A239;17
A2390;83
A2391;8
A2392;65
A2393;41
A2394;10
A2395;10
A2396;15
A2397;195
A2398;49
A2399;63
A24;56
A240;21
A2400;43
A2401;76
A2402;14
A2403;13
A2404;13
A2405;4
A2406;20
A2407;14
A2408;20
A2409;37
A241;43
A2410;17
A2411;15
A2412;18
A2413;2
A2414;44
A2415;39
A2416;39
A2417;42
A2418;19
A2419;20
A242;36
A2420;23
A2421;14
A2422;46
A2423;42
A2424;31
A2425;34
A2426;22
A2427;22
A2428;23
A2429;0
A2430;17
A2431;7
A2432;0
A2433;5
A2434;5
A2435;4
A2436;0
A2437;0
A2438;111
A2439;3
A244;52
A2440;3
A2441;4
A2442;5
A2443;5
A2444;5
A2445;2
A2446;5
A2447;4
A2448;4
A2449;5
A2450;5
A2451;5
A2452;5
A2453;5
A2454;3
A2455;3
A2456;5
A2457;3
A2458;5
A2459;5
A246;50
A2460;5
A2461;3
A2462;29
A2463;3
A2464;4
A2465;5
A2466;5
A2467;5
A2468;5
A2469;5
A2470;5
A2471;6
A2472;5
A2473;4
A2474;5
A2475;5
A2476;5
A2477;9
A2478;7
A2479;5
A248;81
A2480;5
A2481;5
A2482;5
A2483;5
A2484;5
A2485;5
A2486;26
A2487;5
A2488;0
A2489;4
A2490;5
A2491;4
A2492;0
A2493;48
A2494;128
A2495;28
A2496;0
A2497;0
A2498;0
A2499;16
A25;65
A250;0
A2500;33
A2501;66
A2502;59
A2503;59
A2504;40
A2505;44
A2506;0
A2507;1
A2508;0
A2509;0
A251;33
A2510;0
A2511;0
A2512;0
A2513;0
A2514;0
A2515;0
A2516;0
A2517;0
A2518;1
A2519;1
A252;1
A2520;0
A2521;0
A2522;0
A2523;5
A2524;0
A2525;0
A2526;0
A2527;7
A2528;0
A2529;0
A253;8
A2530;0
A2531;6
A2532;15
A2533;0
A2534;8
A2535;7
A2536;3
A2537;8
A2538;0
A2539;0
A254;8
A2540;0
A2541;2
A2542;0
A2543;0
A2544;0
A2545;9
A2546;1
A2547;0
A2548;0
A2549;0
A255;29
A2550;6
A2551;0
A2552;0
A2553;0
A2554;22
A2555;16
A2556;0
A2557;0
A2558;6
A2559;8
A256;31
A2560;1
A2561;0
A2562;0
A2563;4
A2564;4
A2565;0
A2566;0
A2567;0
A2568;0
A2569;0
A257;2
A2570;0
A2571;0
A2572;12
A2573;2
A2574;0
A2575;0
A2576;7
A2577;11
A2578;0
A2579;0
A258;31
A2580;0
A2581;0
A2582;0
A2583;0
A2584;0
A2585;5
A2586;18
A2587;5
A2588;7
A2589;2
A259;32
A2590;12
A2591;3
A2592;0
A2593;0
A2594;0
A2595;14
A2596;0
A2597;0
A2598;0
A2599;20
A26;18
A260;20
A2600;14
A2601;0
A2602;0
A2603;0
A2604;18
A2605;0
A2606;0
A2607;5
A2608;5
A2609;6
A261;56
A2610;0
A2611;0
A2612;0
A2613;2
A2614;0
A2615;0
A2616;0
A2617;9
A2618;10
A2619;0
A262;25
A2620;2
A2621;2
A2622;16
A2623;2
A2624;0
A2625;0
A2626;6
A2627;5
A2628;0
A2629;0
A263;0
A2630;0
A2631;0
A2632;0
A2633;0
A2634;0
A2635;0
A2636;0
A2637;0
A2638;0
A2639;0
A264;0
A2640;0
A2641;0
A2642;1
A2643;0
A2644;0
A2645;3
A2646;5
A2647;6
A2648;20
A2649;0
A265;0
A2650;6
A2651;2
A2652;3
A2653;4
A2654;9
A2655;0
A2656;0
A2657;8
A2658;7
A2659;3
A266;0
A2660;1
A2661;0
A2662;3
A2663;4
A2664;3
A2665;7
A2666;14
A2667;0
A2668;3
A2669;0
A267;9
A2670;0
A2671;0
A2672;16
A2673;0
A2674;11
A2675;88
A2676;91
A2677;116
A2678;101
A2679;47
A268;8
A2680;92
A2681;108
A2682;20
A2683;22
A2684;0
A2685;0
A2686;6
A2687;0
A2688;0
A2689;0
A269;11
A2690;4
A2691;5
A2692;0
A2693;4
A2694;0
A2695;1
A2696;2
A2697;4
A2698;4
A2699;2
A27;85
A270;10
A2700;1
A2701;3
A2702;8
A2703;1
A2704;0
A2705;1
A2706;6
A2707;0
A2708;3
A2709;0
A271;11
A2710;1
A2711;0
A2712;9
A2713;9
A2714;9
A2715;8
A2716;10
A2717;18
A2718;7
A2719;0
A272;7
A2720;0
A2721;10
A2722;24
A2723;31
A2724;0
A2725;0
A2726;32
A2727;32
A2728;37
A2729;11
A273;5
A2730;15
A2731;30
A2732;0
A2733;0
A2734;0
A2735;0
A2736;0
A2737;0
A2738;0
A2739;0
A274;4
A2740;0
A2741;0
A2742;8
A2743;8
A2744;7
A2745;40
A2746;25
A2747;16
A2748;66
A2749;18
A275;1
A2750;20
A2751;1
A2752;2
A2753;10
A2754;5
A2755;6
A2756;7
A2757;16
A2758;9
A2759;5
A276;0
A2760;12
A2761;38
A2762;16
A2763;20
A2764;7
A2765;26
A2766;18
A2767;4
A2768;1
A2769;2
A277;0
A2770;9
A2771;0
A2772;3
A2773;0
A2774;5
A2775;5
A2776;22
A2777;21
A2778;187
A2779;178
A278;0
A2780;425
A2781;11
A2782;8
A2783;464
A2784;460
A2785;423
A2786;444
A2787;238
A2788;241
A2789;1
A279;0
A2790;54
A2791;331
A2792;236
A2793;4
A2794;0
A2795;0
A2796;0
A2797;0
A2798;38
A2799;0
A28;27
A280;0
A2800;0
A2801;0
A2802;0
A2803;34
A2804;0
A2805;0
A2806;0
A2807;18
A2808;0
A2809;0
A281;0
A2810;2
A2811;3
A2812;2
A2813;0
A2814;0
A2815;0
A2816;0
A2817;0
A2818;0
A2819;18
A282;0
A2820;34
A2821;13
A2822;40
A2823;33
A2824;25
A2825;29
A2826;0
A2827;2
A2828;3
A2829;2
A283;0
A2830;0
A2831;0
A2832;1
A2833;0
A2834;0
A2835;18
A2836;30
A2837;70
A2838;14
A2839;0
A284;0
A2840;0
A2841;3
A2842;0
A2843;5
A2844;5
A2845;1
A2846;4
A2847;2
A2848;7
A2849;22
A285;4
A2850;17
A2851;31
A2852;0
A2853;2
A2854;0
A2855;0
A2856;2
A2857;3
A2858;0
A2859;0
A286;0
A2860;0
A2861;0
A2862;0
A2863;9
A2864;7
A2865;6
A2866;9
A2867;10
A2868;0
A2869;2
A287;0
A2870;0
A2871;1
A2872;0
A2873;8
A2874;0
A2875;13
A2876;459
A2877;425
A2878;398
A2879;113
A288;0
A2880;68
A2881;15
A2882;9
A2883;2
A2884;14
A2885;0
A2886;78
A2887;0
A2888;0
A2889;14
A289;5
A2890;1
A2891;0
A2892;0
A2893;0
A2894;0
A2895;0
A2896;7
A2897;12
A2898;8
A2899;15
A29;88
A290;8
A2900;14
A2901;0
A2902;0
A2903;0
A2904;0
A2905;0
A2906;3
A2907;4
A2908;15
A2909;12
A291;14
A2910;9
A2911;11
A2912;12
A2913;21
A2914;13
A2915;8
A2916;14
A2917;13
A2918;11
A2919;11
A292;9
A2920;14
A2921;14
A2922;5
A2923;16
A2924;22
A2925;10
A2926;8
A2927;9
A2928;7
A2929;5
A293;11
A2930;8
A2931;5
A2932;0
A2933;2
A2934;19
A2935;4
A2936;0
A2937;0
A2938;1
A2939;0
A294;14
A2940;1
A2941;25
A2942;15
A2943;22
A2944;30
A2945;18
A2946;60
A2947;19
A2948;0
A2949;0
A295;19
A2950;13
A2951;6
A2952;31
A2953;0
A2954;0
A2955;6
A2956;12
A2957;9
A2958;8
A2959;0
A296;20
A2960;28
A2961;15
A2962;0
A2963;0
A2964;16
A2965;12
A2966;2
A2967;16
A2968;18
A2969;7
A297;20
A2970;15
A2971;9
A2972;3
A2973;10
A2974;10
A2975;7
A2976;19
A2977;6
A2978;8
A2979;4
A298;0
A2980;14
A2981;0
A2982;9
A2983;11
A2984;0
A2985;10
A2986;5
A2987;7
A2988;10
A2989;5
A299;0
A2990;10
A2991;0
A2992;0
A2993;13
A2994;23
A2995;4
A2996;0
A2997;1
A2998;0
A2999;0
A30;58
A300;0
A3000;1
A3001;0
A3002;0
A3003;3
A3004;6
A3005;0
A3006;0
A3007;5
A3008;1
A3009;0
A301;0
A3010;0
A3011;0
A3012;1
A3013;1
A3014;0
A3015;3
A3016;0
A3017;0
A3018;0
A3019;0
A302;0
A3020;3
A3021;0
A3022;6
A3023;2
A3024;5
A3025;15
A3026;3
A3027;0
A3028;0
A3029;0
A303;0
A3030;0
A3031;0
A3032;1
A3033;21
A3034;34
A3035;94
A3036;48
A3037;88
A3038;13
A3039;42
A304;0
A3040;30
A3041;43
A3042;40
A3043;42
A3044;22
A3045;31
A3046;47
A3047;43
A3048;41
A3049;41
A305;1
A3050;43
A3051;19
A3052;50
A3053;47
A3054;48
A3055;25
A3056;1
A3057;95
A3058;48
A3059;39
A306;0
A3060;43
A3061;48
A3062;38
A3063;45
A3064;39
A3065;27
A3066;27
A3067;35
A3068;34
A3069;56
A307;0
A3070;1
A3071;45
A3072;47
A3073;29
A3074;54
A3075;94
A3076;39
A3077;79
A3078;72
A3079;70
A308;0
A3080;69
A3081;69
A3082;57
A3083;68
A3084;66
A3085;59
A3086;75
A3087;73
A3088;6
A3089;9
A309;0
A3090;0
A3091;0
A3092;6
A3093;5
A3094;0
A3095;3
A3096;184
A3097;1
A3098;8
A3099;85
A31;0
A310;17
A3100;1
A3101;1
A3102;3
A3103;1
A3104;1
A3105;0
A3106;5
A3107;1
A3108;2
A3109;1
A311;1
A3110;1
A3111;5
A3112;1
A3113;0
A3114;0
A3115;0
A3116;114
A3117;81
A3118;88
A3119;15
A312;9
A3120;16
A3121;12
A3122;22
A3123;1
A3124;68
A3125;0
A3126;3
A3127;67
A3128;3
A3129;82
A313;66
A3130;23
A3131;16
A3132;13
A3133;12
A3134;30
A3135;67
A3136;47
A3137;34
A3138;0
A3139;0
A314;43
A3140;0
A3141;0
A3142;1
A3143;88
A3144;75
A3145;41
A3146;31
A3147;1
A3148;7
A3149;5
A315;61
A3150;17
A3151;15
A3152;18
A3153;42
A3154;49
A3155;55
A3156;52
A3157;43
A3158;46
A3159;35
A316;66
A3160;47
A3161;20
A3162;25
A3163;24
A3164;10
A3165;21
A3166;27
A3167;63
A3168;49
A3169;40
A317;33
A3170;57
A3171;23
A3172;21
A3173;22
A3174;30
A3175;0
A3176;0
A3177;0
A3178;0
A3179;2
A318;82
A3180;2
A3181;1
A3182;2
A3183;0
A3184;1
A3185;2
A3186;3
A3187;5
A3188;2
A3189;2
A319;23
A3190;5
A3191;4
A3192;2
A3193;5
A3194;1
A3195;5
A3196;4
A3197;3
A3198;1
A3199;3
A32;8
A320;23
A3200;0
A3201;2
A3202;1
A3203;3
A3204;1
A3205;1
A3206;0
A3207;1
A3208;18
A3209;18
A321;7
A3210;17
A3211;17
A3212;4
A3213;7
A3214;0
A3215;0
A3216;0
A3217;0
A3218;0
A3219;0
A322;0
A3220;0
A3221;0
A3222;0
A3223;0
A3224;0
A3225;0
A3226;0
A3227;0
A3228;0
A3229;0
A323;0
A3230;0
A3231;0
A3232;0
A3233;0
A3234;0
A3235;0
A3236;0
A3237;0
A3238;0
A3239;0
A324;0
A3240;0
A3241;0
A3242;0
A3243;0
A3244;0
A3245;0
A3246;0
A3247;0
A3248;0
A3249;0
A325;0
A3250;0
A3251;0
A3252;0
A3253;0
A3254;0
A3255;0
A3256;0
A3257;0
A3258;0
A3259;0
A326;0
A3260;0
A3261;0
A3262;0
A3263;0
A3264;0
A3265;0
A3266;0
A3267;0
A3268;0
A3269;0
A327;0
A3270;0
A3271;0
A3272;0
A3273;0
A3274;0
A3275;0
A3276;0
A3277;0
A3278;0
A3279;0
A328;1
A3280;0
A3281;0
A3282;0
A3283;0
A3284;0
A3285;0
A3286;0
A3287;0
A3288;0
A3289;0
A329;0
A3290;0
A3291;0
A3292;0
A3293;0
A3294;0
A3295;0
A3296;0
A3297;0
A3298;0
A3299;0
A33;0
A330;0
A3300;0
A3301;0
A3302;0
A3303;0
A3304;0
A3305;0
A3306;0
A3307;0
A3308;0
A3309;0
A331;0
A3310;0
A3311;0
A3312;0
A3313;0
A3314;0
A3315;0
A3316;0
A3317;0
A3318;0
A3319;0
A332;0
A3320;0
A3321;4
A3322;17
A3323;24
A3324;0
A3325;1
A3326;8
A3327;16
A3328;20
A3329;19
A333;2
A3330;19
A3331;18
A3332;24
A3333;0
A3334;0
A3335;0
A3336;0
A3337;1
A3338;0
A3339;0
A334;0
A3340;1
A3341;0
A3342;0
A3343;0
A3344;0
A3345;0
A3346;0
A3347;0
A3348;0
A3349;0
A335;0
A3350;0
A3351;2
A3352;0
A3353;0
A3354;0
A3355;3
A3356;17
A3357;0
A3358;2
A3359;6
A336;0
A3360;0
A3361;0
A3362;6
A3363;0
A3364;0
A3365;0
A3366;0
A3367;3
A3368;8
A3369;6
A337;0
A3370;13
A3371;7
A3372;8
A3373;9
A3374;6
A3375;7
A3376;3
A3377;6
A3378;3
A3379;183
A338;7
A3380;291
A3381;0
A3382;0
A3383;0
A3384;2
A3385;69
A3386;53
A3387;335
A3388;240
A3389;154
A339;0
A3390;159
A3391;96
A3392;459
A3393;214
A3394;375
A3395;126
A3396;101
A3397;55
A3398;14
A3399;70
A34;37
A340;0
A3400;83
A3401;41
A3402;28
A3403;72
A3404;82
A3405;10
A3406;10
A3407;10
A3408;10
A3409;22
A341;1
A3410;22
A3411;25
A3412;41
A3413;32
A3414;21
A3415;17
A3416;7
A3417;9
A3418;0
A3419;0
A342;0
A3420;0
A3421;0
A3422;5
A3423;2
A3424;2
A3425;0
A3426;0
A3427;11
A3428;9
A3429;8
A343;0
A3430;11
A3431;14
A3432;0
A3433;1
A3434;0
A3435;1
A3436;1
A3437;6
A3438;4
A3439;0
A344;0
A3440;0
A3441;0
A3442;1
A3443;12
A3444;8
A3445;5
A3446;12
A3447;51
A3448;50
A3449;0
A345;2
A3450;54
A3451;42
A3452;13
A3453;28
A3454;36
A3455;40
A3456;14
A3457;37
A3458;34
A3459;41
A346;24
A3460;5
A3461;4
A3462;6
A3463;9
A3464;4
A3465;2
A3466;5
A3467;5
A3468;10
A3469;8
A347;2
A3470;10
A3471;5
A3472;20
A3473;0
A3474;9
A3475;9
A3476;3
A3477;0
A3478;9
A3479;14
A348;0
A3480;8
A3481;9
A3482;1
A3483;0
A3484;4
A3485;7
A3486;6
A3487;36
A3488;60
A3489;0
A349;21
A3490;31
A3491;66
A3492;1
A3493;140
A3494;6
A3495;43
A3496;1
A3497;10
A3498;10
A3499;8
A35;1965
A350;0
A3500;10
A3501;1
A3502;0
A3503;8
A3504;27
A3505;0
A3506;0
A3507;0
A3508;0
A3509;0
A351;4
A3510;2
A3511;2
A3512;8
A3513;8
A3514;2
A3515;3
A3516;3
A3517;5
A3518;19
A3519;5
A352;0
A3520;13
A3521;14
A3522;1
A3523;2
A3524;0
A3525;0
A3526;1
A3527;0
A3528;1
A3529;3
A353;0
A3530;3
A3531;1
A3532;6
A3533;4
A3534;1
A3535;10
A3536;5
A3537;5
A3538;3
A3539;1
A354;0
A3540;0
A3541;184
A3542;9
A3543;0
A3544;5
A3545;80
A3546;15
A3547;295
A3548;5
A3549;2
A355;20
A3550;0
A3551;0
A3552;554
A3553;37
A3554;14
A3555;3
A3556;57
A3557;126
A3558;98
A3559;120
A356;11
A3560;89
A3561;141
A3562;27
A3563;24
A3564;0
A3565;2
A3566;1
A3567;2
A3568;1
A3569;17
A357;5
A3570;19
A3571;20
A3572;20
A3573;20
A3574;20
A3575;20
A3576;19
A3577;23
A3578;19
A3579;0
A358;61
A3580;10
A3581;7
A3582;13
A3583;9
A3584;10
A3585;6
A3586;14
A3587;14
A3588;6
A3589;90
A359;34
A3590;79
A3591;137
A3592;112
A3593;139
A3594;1
A3595;35
A3596;489
A3597;0
A3598;5
A3599;118
A36;11
A360;7
A3600;0
A3601;0
A3602;0
A3603;0
A3604;3
A3605;3
A3606;0
A3607;0
A3608;0
A3609;2
A361;22
A3610;5
A3611;5
A3612;87
A3613;0
A3614;2
A3615;21
A3616;20
A3617;31
A3618;52
A3619;40
A362;13
A3620;39
A3621;39
A3622;10
A3623;5
A3624;5
A3625;0
A3626;0
A3627;1
A3628;3
A3629;3
A363;17
A3630;3
A3631;6
A3632;3
A3633;3
A3634;2
A3635;0
A3636;2
A3637;0
A3638;0
A3639;0
A364;14
A3640;1
A3641;1
A3642;1
A3643;0
A3644;0
A3645;1
A3646;1
A3647;1
A3648;1
A3649;0
A365;9
A3650;0
A3651;1
A3652;1
A3653;0
A3654;0
A3655;0
A3656;0
A3657;0
A3658;2
A3659;1
A366;1
A3660;0
A3661;0
A3662;0
A3663;1
A3664;0
A3665;0
A3666;1
A3667;0
A3668;1
A3669;0
A367;12
A3670;0
A3671;1
A3672;0
A3673;14
A3674;17
A3675;19
A3676;12
A3677;17
A3678;16
A3679;13
A368;4
A3680;17
A3681;27
A3682;32
A3683;36
A3684;36
A3685;32
A3686;34
A3687;12
A3688;16
A3689;18
A369;1
A3690;18
A3691;20
A3692;14
A3693;18
A3694;16
A3695;16
A3696;12
A3697;21
A3698;33
A3699;39
A37;133
A370;0
A3700;33
A3701;33
A3702;38
A3703;14
A3704;14
A3705;6
A3706;20
A3707;16
A3708;14
A3709;16
A371;0
A3710;16
A3711;16
A3712;12
A3713;7
A3714;14
A3715;18
A3716;5
A3717;5
A3718;271
A3719;0
A372;1
AN3723;1
A3723;1
AN3724;1
A3724;1
AN3725;1
A3725;2
AN3726;0
A3726;0
AN3727;1
A3727;1
AN3728;1
A3728;2
AN3729;0
A3729;0
A373;25
AN3730;1
A3730;10
A3731;7
A3732;5
A3733;0
A3734;1
A3735;7
A3736;10
A3737;12
A3738;23
A3739;21
A374;2
A3740;23
A3741;19
A3742;9
A3743;2
A3744;0
A3745;9
A3746;7
A3747;0
A3748;0
A3749;0
A375;17
A3750;0
A3751;1
A3752;0
A3753;2
A3754;2
A3755;0
A3756;2
A3757;4
A3758;5
A3759;2
A376;8
A3760;0
A3761;0
A3762;1
A3763;1
A3764;2
A3765;0
A3766;4
A3767;5
A3768;1
A3769;1
A377;4
A3770;1
A3771;2
A3772;0
A3773;3
A3774;4
A3775;5
A3776;5
A3777;0
A3778;0
A3779;1
A378;2
A3780;0
A3781;0
A3782;0
A3783;2
A3784;4
A3785;5
A3786;1
A3787;2
A3788;0
A3789;2
A379;22
A3790;4
A3791;4
A3792;4
A3793;5
A3794;5
A3795;1
A3796;2
A3797;1
A3798;1
A3799;0
A38;16
A380;20
A3800;2
A3801;1
A3802;2
A3803;9
A3804;9
A3805;7
A3806;15
A3807;13
A3808;10
A3809;15
A381;31
A3810;20
A3811;0
A3812;1
A3813;0
A3814;0
A3815;0
A3816;0
A3817;0
A3818;1
A3819;0
A382;0
A3820;0
A3821;0
A3822;0
A3823;0
A3824;0
A3825;0
A3826;2
A3827;0
A3828;0
A3829;0
A383;9
A3830;0
A3831;0
A3832;0
A3833;0
A3834;0
A3835;0
A3836;0
A3837;0
A3838;0
A3839;0
A384;2
A3840;0
A3841;1
A3842;0
A3843;0
A3844;0
A3845;0
A3846;0
A3847;0
A3848;0
A3849;0
A385;65
A3850;0
A3851;1
A3852;0
A3853;0
A3854;0
A3855;0
A3856;0
A3857;1
A3858;0
A3859;2
A386;11
A3860;4
A3861;4
A3862;4
A3863;4
A3864;4
A3865;4
A3866;5
A3867;4
A3868;5
A3869;4
A387;38
A3870;5
A3871;4
A3872;5
A3873;4
A3874;3
A3875;2
A3876;4
A3877;4
A3878;5
A3879;3
A388;18
A3880;2
A3881;5
A3882;5
A3883;4
A3884;2
A3885;4
A3886;4
A3887;5
A3888;5
A3889;168
A389;2
A3890;21
A3891;40
A3892;0
A3893;75
A3894;92
A3895;141
A3896;128
A3897;145
A3898;78
A3899;104
A39;5
A390;18
A3900;112
A3901;138
A3902;148
A3903;2
A3904;20
A3905;12
A3906;18
A3907;16
A3908;0
A3909;8
A391;40
A3910;12
A3911;21
A3912;19
A3913;7
A3914;5
A3915;13
A3916;13
A3917;19
A3918;5
A3919;7
A392;30
A3920;8
A3921;10
A3922;16
A3923;6
A3924;15
A3925;8
A3926;16
A3927;18
A3928;0
A3929;18
A393;0
A3930;14
A3931;20
A3932;16
A3933;0
A3934;12
A3935;3
A3936;11
A3937;17
A3938;0
A3939;0
A394;1
A3940;8
A3941;14
A3942;17
A3943;35
A3944;15
A3945;39
A3946;69
A3947;33
A3948;0
A3949;4
A395;1
A3950;30
A3951;3
A3952;1
A3953;0
A3954;0
A3955;0
A3956;8
A3957;24
A3958;22
A3959;22
A396;0
A3960;21
A3961;28
A3962;19
A3963;21
A3964;24
A3965;22
A3966;27
A3967;0
A3968;0
A3969;0
A397;0
A3970;0
A3971;5
A3973;4
A3974;3
A3975;0
A3976;2
A3977;2
A3978;7
A3979;6
A398;0
A3980;0
A3981;0
A3982;3
A3983;2
A3984;2
A3985;0
A3986;0
A3987;0
A3988;0
A3989;0
A399;7
A3990;1
A3991;0
A3992;0
A3993;0
A3994;11
A3995;1
A3999;0
A40;0
A400;5
A4003;0
A4004;0
A4006;1
A4007;80
A4008;4
A4009;1
A401;1
A4010;4
A4011;1
A4012;2
A4013;1
A4014;0
A4015;0
A4016;0
A4017;0
A4018;7
A4019;48
A402;20
A4020;0
A4021;39
A4022;212
A4023;146
A4024;93
A4025;180
A4026;0
A4027;0
A4028;0
A4029;0
A403;109
A4030;0
A4031;0
A4032;0
A4033;0
A4034;1
A4035;0
A4036;0
A4037;0
A4038;0
A4039;0
A404;36
A4040;0
A4041;10
A4042;0
A4043;0
A4044;0
A4045;0
A4046;0
A4047;0
A4048;0
A4049;0
A405;7
A4050;0
A4051;0
A4052;0
A4053;0
A4054;0
A4055;0
A4056;0
A4057;0
A4058;0
A4059;0
A406;3
A4060;0
A4061;0
A4062;6
A4063;0
A4064;11
A4065;70
A4066;158
A4067;165
A4068;98
A4069;115
A407;232
A4070;91
A4071;0
A4072;0
A4073;0
A4074;0
A4075;0
A4076;0
A4077;1
A408;135
A4083;0
A4084;0
A4085;0
A4086;0
A4087;0
A4088;0
A4089;0
A409;152
A4090;0
A4091;0
A4092;0
A4093;0
A4094;0
A4095;0
A4096;0
A4097;0
A4098;0
A4099;0
A41;230
A410;6
A4100;0
A4101;0
A4102;0
A4103;0
A4104;0
A4105;0
A4106;0
A4107;0
A4108;0
A4109;0
A411;0
A4110;0
A4111;0
A4112;0
A4113;0
A4114;0
A4115;0
A4116;0
A4117;0
A4118;0
A4119;0
A412;14
A4120;0
A4121;0
A4122;2
A4123;0
A4124;0
A4125;0
A4126;0
A4127;0
A4128;7
A4129;0
A413;0
A4130;1
A4131;0
A4132;0
A4133;0
A4134;0
A4135;0
A4136;0
A4137;0
A4138;0
A4139;0
A414;0
A4140;0
A4141;0
A4142;1
A4143;2
A4144;6
A4145;0
A4146;0
A4147;0
A4148;0
A4149;0
A415;0
A4150;0
A4151;0
A4152;1
A4153;0
A4154;0
A4155;23
A4156;21
A4157;22
A4158;18
A4159;18
A416;2
A4160;29
A4161;29
A4162;25
A4163;28
A4164;25
A4165;0
A4166;1
A4167;2
A4168;0
A4169;0
A417;0
A4170;0
A4171;1
A4172;2
A4173;2
A4174;2
A4175;0
A4176;1
A4177;0
A4178;1
A4179;2
A418;0
A4180;1
A4181;0
A4182;0
A4183;0
A4184;0
A4185;2
A4186;2
A4187;2
A4188;0
A4189;0
A419;12
A4190;0
A4191;0
A4192;2
A4193;2
A4194;4
A4195;0
A4196;0
A4197;0
A4198;0
A4199;1
A42;60
A420;51
A4200;0
A4201;0
A4202;0
A4203;0
A4204;0
A4205;0
A4206;1
A4207;2
A4208;2
A4209;0
A421;0
A4210;0
A4211;0
A4212;0
A4213;2
A4214;2
A4215;4
A4216;2
A4217;0
A4218;0
A4219;0
A422;43
A4220;1
A4221;0
A4222;1
A4223;0
A4224;0
A4225;0
A4226;0
A4227;2
A4228;0
A4229;0
A423;35
A4230;0
A4231;0
A4232;0
A4233;0
A4234;0
A4235;0
A4236;0
A4237;0
A4238;0
A4239;0
A424;1
A4240;0
A4241;0
A4242;0
A4243;0
A4244;0
A4245;0
A4246;0
A4247;0
A4248;0
A4249;0
A425;2
A4250;0
A4251;0
A4252;210
A4253;117
A4254;165
A4255;245
A4256;219
A4257;1
A4258;1
A4259;127
A426;6
A4260;98
A4261;21
A4262;13
A4263;145
A4264;87
A4265;29
A4266;29
A4267;28
A4268;30
A4269;35
A427;42
A4270;29
A4271;28
A4272;30
A4273;28
A4274;32
A4275;0
A4277;13
A4278;23
A4279;29
A428;25
A4280;29
A4281;10
A4282;4
A4283;5
A4284;3
A4285;1
A4286;2
A4287;8
A4288;12
A4289;205
A429;33
A4290;232
A4291;226
A4292;122
A4293;91
A4294;74
A4295;66
A4296;132
A4297;8
A4298;47
A4299;222
A43;163
A430;107
A4300;8
A4301;7
A4302;8
A4303;180
A4305;21
A4306;24
A4307;11
A4308;86
A4309;78
A431;128
A4310;4
A4312;0
A4313;0
A4314;0
A4315;0
A4316;0
A4317;0
A4318;0
A4319;0
A432;274
A433;52
A434;204
A435;279
A436;0
A437;69
A438;0
A439;10
A44;41
A440;28
A441;31
A442;10
A443;31
A444;194
A445;175
A446;278
A447;52
A448;134
A449;233
A45;930
A450;89
A451;9
A452;282
A453;12
A454;71
A455;20
A456;29
A457;59
A458;44
A459;0
A46;75
A460;53
A461;48
A462;0
A463;114
A464;42
A465;47
A466;47
A467;14
A468;38
A469;0
A47;0
A470;12
A471;19
A472;10
A473;9
A474;10
A475;3
A476;0
A477;0
A478;0
A479;0
A48;0
A480;1
A481;6
A482;62
A484;165
A485;19
A486;4
A487;31
A488;0
A489;0
A49;6
A490;21
A491;4
A492;0
A493;23
A494;0
A495;0
A496;7
A497;28
A498;0
A499;5
A50;0
A500;0
A501;1
A502;17
A503;74
A504;30
A505;69
A506;4
A507;20
A508;7
A509;26
A51;22
A510;0
A511;3
A513;19
A514;155
A515;1
A516;0
A517;0
A518;2
A519;44
A52;21
A520;110
A521;1
A522;8
A524;4
A525;1
A526;0
A527;13
A528;45
A529;0
A53;0
A530;64
A531;50
A532;90
A533;4
A534;27
A535;44
A536;2
A537;2
A538;81
A539;3
A54;259
A540;753
A541;1
A542;6
A543;5
A544;19
A545;85
A546;92
A547;64
A548;87
A549;60
A55;99
A550;8
A551;0
A552;5
A553;786
A554;33
A555;0
A556;0
A557;0
A558;3
A559;0
A56;42
A560;231
A561;2429
A562;3437
A563;723
A564;28
A565;186
A567;0
A569;190
A57;0
A570;3
A571;1
A572;94
A573;8
A574;34
A575;6
A576;37
A577;2
A578;95
A579;114
A58;80
A580;342
A583;0
A584;0
A585;18
A586;10
A587;0
A588;2
A589;9
A59;13
A590;6
A592;0
A593;20
A594;16
A595;0
A596;6
A597;12
A598;0
A60;0
A600;28
A601;0
A602;4
A603;1
A604;13
A605;0
A606;1
A607;0
A608;95
A609;33
A61;0
A610;12
A611;0
A612;20
A613;0
A614;0
A615;1
A616;3
A617;0
A618;0
A619;0
A62;6
A620;0
A621;0
A622;1
A623;1
A624;5
A627;14
A628;1
A629;4
A63;0
A630;0
A631;0
A632;0
A633;3
A634;9
A635;5
A636;7
A637;0
A638;10
A639;30
A64;77
A640;1
A641;0
A642;0
A643;25
A644;4
A645;24
A646;8
A647;1
A648;85
A649;116
A65;300
A650;98
A651;42
A652;29
A653;16
A654;18
A655;29
A656;26
A657;10
A658;40
A659;27
A66;461
A660;22
A661;21
A662;18
A663;25
A664;16
A665;7
A666;12
A667;91
A668;173
A669;0
A67;754
A670;155
A671;20
A672;4
A673;0
A675;17
A676;2
A677;45
A678;2
A679;0
A68;639
A681;0
A682;1
A685;2
A687;1
A688;0
A69;168
A696;0
A697;0
A699;0
A70;0
A700;10
A701;9
A704;268
A705;410
A706;91
A707;36
A708;22
A709;2
A71;0
A710;113
A711;158
A712;698
A713;38
A714;37
A715;9
A716;159
A717;119
A718;67
A719;61
A72;0
A720;2
A721;30
A722;38
A724;8
A725;0
A726;0
A727;2
A728;5
A729;23
A73;0
A730;13
A731;0
A732;5
A733;0
A734;5
A735;5
A736;6
A737;7
A738;0
A739;16
AN74;1
A74;18
A740;30
A741;0
A742;10
A743;20
A744;16
A745;19
A746;3
A747;40
A748;56
A749;6
AN75;1
A75;9
A750;1
A751;27
A752;0
A753;0
A754;92
A755;13
A756;0
A757;72
A758;22
A759;6
AN76;1
A76;4
A760;0
A761;23
A762;56
A763;8
A764;18
A765;0
A766;57
A767;61
A768;69
A769;214
AN77;1
A77;5
A770;176
A771;60
A772;128
A773;19
A774;0
A775;12
A776;11
A777;2
A778;36
A779;446
AN78;0
A78;0
A780;19
A781;45
A782;43
A783;22
A784;11
A785;17
A786;20
A787;3
A788;0
A789;0
AN79;1
A79;10
A790;20
A791;32
A792;21
A793;21
A794;27
A795;28
A796;3
A797;10
A798;2
A799;3
AN80;1
A80;11
A800;6
A801;11
A802;9
A803;10
A804;7
A805;9
A806;2
A807;70
A808;397
A809;0
AN81;1
A81;8
A810;61
A811;128
A812;289
A813;94
A814;489
A815;14
A816;0
A817;0
A818;5
A819;2
AN82;1
A82;13
A820;3
A821;0
A822;19
A823;73
A824;128
A825;50
A826;91
A827;0
A828;0
A829;0
AN83;1
A83;2
A831;48
A832;0
A833;469
A834;481
A835;427
A836;0
A837;3
A838;0
A839;0
AN84;1
A84;4
A840;8
A841;0
A842;38
A843;29
A844;0
A845;0
A846;9
A847;3
A848;0
A849;0
AN85;0
A85;1
A850;7
A851;10
A852;2
A853;2
A854;17
A855;0
A856;13
A857;15
A858;50
A859;216
AN86;0
A86;1
A860;0
A861;14
A862;15
A863;20
A864;0
A865;23
A866;0
A867;0
A868;0
A869;307
A87;9
A870;25
A871;1
A872;0
A873;0
A874;0
A875;0
A876;0
A877;0
A878;0
A879;0
A88;9
A880;0
A881;0
A882;0
A883;0
A884;0
A885;0
A886;0
A887;2
A888;0
A889;0
A89;2
A890;0
A891;0
A892;0
A893;0
A894;0
A895;0
A896;0
A897;0
A898;0
A899;0
A9;0
A90;15
A900;0
A901;0
A902;0
A903;0
A904;0
A905;0
A906;0
A907;0
A908;0
A909;0
A91;0
A910;0
A911;0
A912;0
A913;1
A914;3
A915;1
A916;9
A917;0
A918;0
A919;0
A92;6
A920;0
A921;0
A922;0
A923;2
A924;0
A925;2
A926;0
A927;0
A928;1
A929;0
A93;4
A930;0
A931;0
A932;1
A933;0
A934;0
A935;0
A936;0
A937;0
A938;0
A939;0
A94;31
A940;0
A941;1
A942;1
A943;0
A944;1411
A945;45
A946;0
A947;173
A948;0
A949;351
A95;7
A950;461
A951;1716
A952;27
A953;40
A954;84
A955;141
A956;69
A957;0
A958;0
A959;0
A96;1
A960;69
A961;0
A962;1
A963;1
A964;465
A965;225
A966;242
A967;116
A97;20
A972;9
A973;87
A974;0
A975;0
A976;15
A977;15
A978;28
A979;25
A98;4
A980;10
A981;17
A982;20
A983;110
A984;8
A985;2
A986;7
A987;52
A988;80
A989;5
A99;17
A990;5
A991;3
A992;4
A993;8
A994;8
A995;0
A996;3
A997;4
A998;2
A999;6
BZ1001N;0
BZ1001R;0
BZ1002;0
BZ1003;0
BZ1004;0
BZ1005;0
BZ1006;0
BZ1007;0
BZ1008;19
BZ1009;32
BZ1010;13
BZ1011;41
BZ1012;15
BZ1013;22
BZ1014;53
BZ1015;32
BZ1016;80
BZ1017;34
BZ1018;3
A4320;0
A4321;8
A4322;61
A4323;5
A4324;16
A4325;15
A4326;0
A4327;0
A4328;2
A4329;0
A4330;0
A4331;0
A4332;1
A4333;0
A4334;0
A4335;0
A4336;1
A4337;2
A4338;0
A4339;1
A4340;2
A4341;0
A4342;0
A4343;0
A4311;2
A4304;4
A4344;20
A4348;0
A4346;0
A4345;0
A4347;0
A4349;0
A4350;0
A4351;0
AD1;34
AD2;30
AD3;25
AD4;13
AD5;18
AD6;20
AD7;21
AD8;20
AD9;20
AD10;20
AD11;0
AD12;23
AD13;19
AD14;14
AD15;16
AD16;15
AD17;10
AD18;12
AD19;8
AD20;9
AD21;10
AD22;12
AD23;16
AD24;12
AD25;14
AD26;11
AD27;13
AD28;12
AD29;11
AD30;11
AD31;11
AD32;10
AD33;10
AD34;10
AD35;14
AD36;13
AD37;11
AD38;13
AD39;11
AD40;8
AD41;11
AD42;11
AD43;11
AD44;11
AD45;10
AD46;10
AD47;10
AD48;14
AD49;14
AD50;12
AD51;13
AD52;11
AD53;13
AD54;12
AD55;12
AD56;11
AD57;11
AD58;10
AD59;10
AD60;10
AD61;8
AD62;13
AD63;11
AD64;8
AD65;9
AD66;9
AD67;9
AD68;9
AD69;9
AD70;7
AD71;7
AD72;7
AD73;11
AD74;11
AD75;11
AD76;14
AD77;8
AD78;6
AD79;12
AD80;12
AD81;12
AD82;10
AD83;10
AD84;10
AD159;0
AD160;0
AD161;15
AD162;14
AD163;14
AD164;13
AD165;14
AD166;14
AD195;0
AD196;0
AD197;0
AD198;0
AD199;0
AD200;21
AD201;50
AD202;54
AD203;39
AD204;46
AD205;30
AD206;49
AD207;59
AD208;46
AD209;39
AD210;60
AD211;64
AD212;62
AD213;43
AD214;41
AD215;57
AD216;48
AD217;44
AD218;46
AD219;45
AD220;64
AD221;48
AD222;44
AD223;46
AD224;48
AD225;64
AD226;63
AD227;64
AD228;45
AD229;45
AD230;0
AD231;0
AD232;0
AD233;0
AD234;0
AD235;0
AD236;0
AD237;0
AD238;0
AD239;0
AD240;0
AD241;0
AD242;0
AD243;0
AD244;0
AD245;0
AD246;0
AD247;0
AD248;0
AD249;0
AD250;0
AD251;0
AD252;0
AD253;0
AD254;0
AD255;0
AD256;0
AD257;0
AD258;0
AD259;0
AD260;0
AD261;0
AD262;0
AD263;0
AD264;0
AD167;48
AD168;96
AD169;144
AD170;96
AD171;40
AD172;0
AD173;48
AD174;96
AD175;144
AD176;96
AD177;40
AD178;0
AD179;0
AD180;0
AD181;0
AD182;0
AD183;0
AD184;0
AD185;47
AD186;96
AD187;144
AD188;96
AD189;40
AD190;0
AD114;48
AD115;48
AD116;48
AD117;48
AD118;40
AD119;40
AD120;48
AD121;40
AD122;40
AD123;40
AD124;40
AD125;40
AD126;48
AD127;40
AD128;40
AD129;40
AD130;40
AD131;40
AD132;0
AD133;47
AD134;44
AD135;45
AD136;39
AD137;0
AD138;0
AD139;0
AD140;48
AD141;47
AD142;40
AD143;0
AD144;0
AD145;0
AD146;48
AD147;40
AD148;0
AD149;0
AD265;0
AD266;0
AD267;48
AD268;48
AD269;0
AD270;0
AD271;0
AD272;0
AD273;48
AD274;48
AD275;0
AD276;0
AD277;0
AD278;0
AD279;48
AD280;48
AD281;0
AD282;0
AD283;0
AD284;0
AD285;48
AD286;48
AD287;0
AD288;0
AD289;0
AD290;0
AD291;48
AD292;48
AD293;0
AD294;0
AD85;139
AD86;133
AD87;73
AD88;77
AD89;138
AD90;134
AD91;75
AD92;78
AD93;55
AD94;42
AD95;40
AD96;28
AD97;55
AD98;42
AD99;39
AD100;27
AD101;28
AD102;28
AD103;13
AD104;13
AD105;54
AD106;52
AD107;55
AD108;54
AD109;37
AD110;37
AD111;37
AD112;37
AD113;37
AD303;8
AD304;8
AD305;16
AD302;3
AD306;8
AD295;9
AD296;6
AD297;1
AD298;0
AD299;0
AD150;0
AD151;25
AD152;25
AD153;25
AD154;0
AD155;0
AD156;0
AD157;0
AD191;35
AD192;35
AD193;35
AD194;35
AD300;30
AD301;28
AD307;28
AD308;0
AD309;0
AD310;0
AD311;6
AD312;12
AD313;12
AD314;12
AD315;11
AD316;10
AD317;5
AD318;5
AD319;5
AD320;0
AD321;0
AD322;0
AD323;0
AD324;0
AD325;6
AD326;12
AD327;12
AD328;12
AD329;12
AD330;12
AD331;5
AD332;5
AD333;5
AD334;0
AD335;0
A4352;0
A4353;1
A4354;1
A4355;0
A4356;0
A4357;0
A4358;0
A4359;0
A4360;1
A4361;1
A4362;2
A4363;0
A4364;0
A4365;2
A4366;0
A4367;0
A4368;0
A4369;0
A4370;1
A4371;1
A4372;2
A4373;1
A4374;0
A4375;1
A4376;0
A4377;0
A4378;1
A4379;0
A4380;1
A4381;3
A4382;0
A4383;0
A4384;2
A4385;0
A4386;0
A4387;0
A4388;0
A4389;1
A4390;0
A4391;0
A4392;0
A4393;1
A4394;1
A4395;1
A4396;0
A4397;1
A4398;1
A4399;0
A4400;1
A4401;0
A4402;0
A4403;0
A4404;1
A4405;1
A4406;1
A4407;0
A4408;0
A4409;0
A4410;0
A4411;1
A4412;1
A4413;1
A4414;0
A4415;0
A4416;0
A4417;2
A4418;2
A4419;2
A4420;0
A4421;0
A4422;0
A4423;2
A4424;0
A4425;1
A4426;0
A4427;0
A4428;0
A4429;0
A4430;0
A4431;0
A4432;0
A4433;0
A4434;0
A4435;1
A4436;0
A4437;1
A4438;0
A4439;0
A4440;0
A4441;0
A4442;0
A4443;0
A4444;0
A4445;0
A4446;1
A4447;0
A4448;0
A4449;0
A4450;0
A4451;0
A4452;0
A4453;0
A4454;0
A4455;0
A4456;0
A4457;0
A4458;0
A4459;0
A4460;0
A4461;0
A4462;0
A4463;0
A4464;0
A4465;0
A4466;0
A4467;1
A4468;1
A4469;1
A4470;1
A4471;0
A4472;1
A4473;1
A4474;0
A4475;0
A4476;1
A4477;0
A4478;1
A4479;0
A4480;0
A4481;0
A4482;0
A4483;0
A4484;0
A4485;0
A4486;0
A4487;1
A4488;0
A4489;0
A4490;0
A4491;0
A4492;0
A4493;0
A4494;1
A4495;1
A4496;0
A4497;1
A4498;0
A4499;0
A4500;1
A4503;1
A4507;0
A4508;0
A4549;0
A4550;0
A4551;0
A4552;0
A4553;0
A4554;0
A4555;0
A4511;0
A4512;1
A4513;0
A4514;0
A4515;0
A4516;0
A4510;0
A4509;0
A4517;0
A4518;0
A4519;0
A4520;1
A4521;0
A4522;0
A4523;0
A4524;0
A4525;0
A4526;0
A4527;0
A4528;0
A4529;0
A4530;0
A4531;0
A4532;0
A4533;0
A4534;0
A4535;0
A4536;0
A4537;0
A4538;0
A4539;0
A4540;0
A4541;0
A4542;0
A4543;0
A4544;0
A4545;0
A4546;0
A4547;0
A4548;0
A0002;11
A4629;0
A4574;241
A4575;199
A4581;0
A4585;18
A4645;10
A4646;9
A4647;18
A4648;10
A4649;8
A4640;1
A4633;0
A4634;0
A4635;0
A4636;0
A4637;0
A4638;0
A4639;0
A4641;0
A4642;0
A4643;0
A4644;0
A4621;0
A4622;0
A4623;0
A4624;0
A4625;0
A4626;0
A4627;0
A4628;0
A4630;0
A4631;0
A4632;0
A4684;0
A4685;4
A4686;1
A4687;7
A4688;0
A4689;10
A4690;9
A4691;10
A4692;10
A4693;10
A4694;6
A4695;0
A4696;9
A4697;9
A4698;8
A4699;10
A4700;10
A4701;10
A4702;10
A4703;0
A4704;0
A4705;9
A4706;7
A4707;5
A4708;10
A4709;0
A4710;5
A4711;5
A4712;5
A4713;5
A4714;4
A4715;4
A4716;5
A4717;5
A4718;5
A4719;5
A4720;5
A4721;5
A4722;4
A4723;5
A4724;5
A4725;4
A4726;4
A4727;5
A4728;25
A4729;25
A4730;10
A4731;9
A4732;9
A4733;9
A4734;8
A4735;10
A4736;9
A4650;100
A4651;100
A4652;188
A4653;284
A4654;177
A4655;88
A4656;96
A4601;1
A4620;5
A4612;0
A4005;3
A4573;13
A4584;25
A4662;1
A4739;0
A4756;1
A4770;4
A4771;0
A4772;4
A4773;3
A4774;0
A4775;0
A4776;1
A4777;1
A4778;3
A4779;0
A4780;10
A4781;0
A4782;17
A4783;8
A4784;5
A4785;0
A4786;4
A4787;5
A4788;0
A4789;1
A4790;4
A4791;0
A4792;0
A4793;0
A4794;2
A4795;10
A4796;3
A4797;0
A4798;9
A4799;17
A4800;19
A4801;14
A4802;10
A4803;0
A4804;4
A4805;12
A4806;9
A4807;7
A4808;5
A4809;0
A4810;20
A4811;13
A4812;15
A4813;16
A4814;10
A4815;0
A4816;4
A4817;10
A4818;7
A4819;5
A4820;4
A4821;0
A4822;0
A4823;0
A4824;0
A4825;0
A4826;3
A4827;0
A4738;0
A4916;0
A4917;1
A4918;0
A4919;1
A4920;0
A4913;1
A4914;1
A4915;1
A4921;0
AD360;58
AD361;58
AD362;58
AD363;48
AD364;47
AD365;48
AD351;58
AD352;58
AD353;58
AD354;48
AD355;48
AD356;48
AD416;30
AD417;30
AD418;30
AD419;30
AD420;30
AD421;30
AD423;30
AD424;30
AD425;30
AD426;30
AD427;30
AD428;30
AD429;14
AD430;14
AD405;10
AD406;10
AD407;8
AD409;12
AD410;12
AD411;12
AD412;12
AD413;10
AD414;10
AD336;18
AD337;18
AD338;18
AD339;18
AD379;74
AD380;71
AD390;6
AD391;6
AD392;6
AD393;6
AD394;6
AD395;6
AD396;5
AD397;5
AD382;98
AD383;98
AD385;125
AD367;10
AD368;10
AD370;10
AD373;10
AD374;10
AD375;10
AD376;10
AD377;8
AD378;6
AD399;7
AD400;7
AD401;7
AD402;7
AD444;7
AD445;7
AD446;7
AD447;5
AD448;5
AD449;7
AD440;10
AD340;8
AD341;8
AD342;8
AD344;8
AD345;8
AD346;8
AD347;8
AD371;0
AD431;5
AD432;5
AD433;24
AD434;19
AD435;13
AD436;29
AD437;28
AD438;59
A4857;10
A4858;9
A4859;10
A4860;13
A5017;0
A5018;0
A5019;0
A5020;0
A5021;0
A5022;0
A5023;0
A5024;0
A5025;0
A5026;0
A5027;0
A5028;0
A5045;90
A5046;66
A5047;82
A5048;37
A5049;47
A5050;0
A5051;0
A5052;0
A5053;0
A5054;0
A4910;19
A4911;19
A4556;0
A4557;0
A4558;0
A4559;0
A4560;0
A4561;0
A4562;0
A4563;0
A4564;0
A4565;0
A4566;0
A5063;0
A5064;0
A5065;0
A5066;0
A5067;0
A5068;0
A5069;0
A5070;0
A5071;0
A5072;0
A5073;0
A5074;0
A5075;0
A5076;0
A5077;0
A5078;0
A5079;0
A5080;0
A5081;0
A5082;0
A5083;0
A5084;0
A5085;0
A5086;0
A5087;0
A5088;0
A5089;0
A5090;0
A5091;0
A5092;0
A5093;0
A5094;0
A5095;0
A5096;0
A5097;0
A5098;0
A5099;0
A5100;29
A5101;0
A5102;0
A5103;29
A5104;28
A5105;30
A5106;30
A5107;0
A5108;0
A5109;25
A5110;0
A5111;24
A5112;0
A5113;0
A5114;0
A5115;30
A5116;29
A5117;0
A5118;29
A5119;29
A5120;24
A5121;25
A5122;0
A5123;0
A5124;0
A5125;0
A5126;0
A5127;0
A5128;0
A5129;0
A5130;0
A5131;0
A5132;0
A5133;0
A5134;20
A5135;18
A5136;18
A5137;0
A5138;19
A5139;20
A5140;19
A5141;0
A5142;0
A5143;0
A5144;0
A5145;0
A5146;0
A5147;0
A5148;0
A5149;0
A5150;0
A5151;0
A5152;0
A5153;0
A5154;0
A5155;0
A5156;0
A5157;0
A5158;5
A5159;5
A5160;6
A5161;8
A5162;10
A5163;18
A5164;17
A5165;15
A5166;16
A5167;18
A5168;18
A5169;16
A5170;15
A5171;17
A5172;14
A5029;0
A5030;0
A5031;0
A5032;0
A4567;0
A4568;0
A4569;0
A4570;0
A4571;0
A4572;0
A5055;0
A5056;0
A5057;0
A5058;0
A5059;0
A3996;0
A3997;0
A3998;0
A4000;0
A4001;0
A4002;0
A4839;193
A4840;194
A4740;0
A4741;0
A5179;196
A4943;0
A4944;0
A4945;0
A4946;0
A4947;0
A5180;3
A5181;5
A5182;2
A5183;0
A5184;6
A5185;4
A5186;3
A5187;2
A5188;5
A5173;0
A5174;0
A4941;28
A4942;5
A4737;0
A5175;0
A5176;0
A5177;0
A5178;0
A4837;4
A4937;9
A4938;9
A4939;8
A4940;9
A4576;0
A4577;0
A4578;0
A4579;0
A4580;0
A4582;0
A4583;0
A4586;0
A4587;0
A4588;0
A4589;0
A4590;0
A4591;0
A4592;0
A4593;0
A4594;0
A4595;0
A4596;0
A4597;0
A4598;0
A4599;0
A4600;0
A4602;0
A4603;0
A4604;0
A4605;0
A4606;0
A4607;0
A4608;0
A4609;0
A4610;0
A4611;0
A5033;45
A5034;187
A5035;187
A5036;218
A5037;224
A5038;188
A5039;183
A5040;185
A5041;195
A5042;45
A5043;49
A5044;50
A5005;0
A5006;0
A5007;0
A5008;0
A5009;0
A5010;0
A5011;0
A5012;0
A5013;0
A5014;0
A5015;0
A5016;0
A4861;0
A4862;0
A4863;0
A4864;2
A4865;2
A4866;2
A4867;2
A4868;2
A4869;2
A4870;0
A4871;0
A4872;2
A4873;2
A4874;2
A4875;2
A4876;2
A4877;27
A4878;2
A4879;2
A4880;0
A4881;0
A4882;0
A4883;0
A4884;2
A4885;2
A4886;2
A4887;2
A4888;2
A4889;2
A4890;2
A4891;0
A4892;0
A4893;0
A4894;2
A4895;2
A4896;2
A4897;2
A4898;0
A4899;0
A4900;0
A4901;0
A4902;0
A4903;2
A4904;2
A4905;1
A4906;2
A4907;2
A4908;2
A4909;2
A4925;0
A4926;0
A4927;0
A4928;0
A4929;0
A4930;0
A4931;0
A4932;0
A4933;0
A4934;0
A4935;0
A4936;0
A5225;0
A5226;0
A5227;0
A5228;0
A5229;0
A5230;0
A5231;0
A5232;0
A5233;0
A5234;0
A5235;0
A5236;0
A5237;0
A5238;0
A5239;0
A5240;0
A5241;0
A5242;0
A5243;0
A5244;0
A5245;0
A5246;0
A5247;0
A5248;0
A5249;0
A5250;0
A5251;0
A5252;0
A5253;0
A5254;0
A5255;0
A5256;0
A5257;0
A5258;0
A5259;0
A5260;0
A5261;0
A5262;0
A5263;0
A5264;0
A5265;0
A5266;0
A5267;0
A5268;0
A5269;0
A5270;0
A5271;0
A5272;0
A4750;0
A4751;0
A4752;0
A4753;0
A4754;0
A4755;0
A4757;0
A4758;0
A4759;0
A4760;0
A4761;0
A4762;0
A4763;0
A4764;0
A4765;0
A4766;0
A4767;0
A4768;0
A4769;0
A5189;0
A5190;0
A5191;0
A5192;0
A5193;0
A5194;0
A5195;0
A5196;0
A5197;0
A5198;0
A5199;0
A5200;0
A5201;0
A5202;0
A5203;0
A5204;0
A5205;0
A5206;0
A5207;0
A5208;0
A5209;0
A5210;0
A5211;0
A5212;0
A5213;0
A5214;0
A5215;0
A5216;0
A5217;0
A5218;0
A5219;0
A5220;0
A5221;0
A5222;0
A5223;0
A5224;0
A4657;0
A4658;0
A4659;0
A4660;0
A4661;0
A4663;0
A4664;0
A4665;0
A4666;0
A4667;0
A4668;0
A4669;0
A4670;0
A4671;0
A4742;0
A4743;0
A4672;0
A4674;0
A4675;0
A4745;0
A4746;0
A4747;0
A4673;0
A4749;0
A4676;0
A4677;0
A4678;0
A4748;0
A4680;0
A4682;0
A4683;0
A5060;49
A5061;0
A5062;0
A4846;24
A4848;16
A4849;25
A4847;0
A4829;95
A4830;44
A4835;295
A4852;196
A4836;294
A4850;19
A4833;43
A4834;0
A4854;50
A4855;49
A4856;47
A3972;0
A4851;97
A4078;0
A4079;0
A4080;0
A4081;0
A4082;0
A4841;40
A4842;34
A4828;19
A4831;19
A4843;20
A4844;24
A4845;31
A4832;46
A4853;10
A5317;4
A5280;0
A5281;0
A5282;0
A5292;0
A5305;0
A5318;3
A5319;3
A5273;5
A0006;0
A0007;0
A0005;0
A5320;3
A5311;15
A5312;15
A5313;15
A5308;15
A5309;15
A5322;0
A5323;100
A5324;100